query_id,variant,query,query_type,ragas_score,recall_at_k,faithfulness,answer
beir-PLAIN-1,naive_dense_only,Why Deep Fried Foods May Cause Cancer,open_book_qa,0.857,0.102,1.000,"Background: Acrylamide is a common dietary exposure that crosses the human placenta. It is classified as a probable human carcinogen, and developmental toxicity has been observed in rodents. Objective"
beir-PLAIN-1,standard_hybrid,Why Deep Fried Foods May Cause Cancer,open_book_qa,0.905,0.102,1.000,"Background Evidence suggests that high-heat cooking methods may increase the risk of prostate cancer (PCa). The addition of oil/fat, as in deep-frying, may be of particular concern, and has not specif"
beir-PLAIN-1,standard_no_rerank,Why Deep Fried Foods May Cause Cancer,open_book_qa,0.857,0.102,1.000,"Background: Acrylamide is a common dietary exposure that crosses the human placenta. It is classified as a probable human carcinogen, and developmental toxicity has been observed in rodents. Objective"
beir-PLAIN-11,naive_dense_only,Living Longer by Reducing Leucine Intake,open_book_qa,0.600,0.088,1.000,"Over the last several years, new evidence has kept pouring in about the remarkable effect of caloric restriction (CR) on the conspicuous bedfellows- aging and cancer. Through the use of various animal"
beir-PLAIN-11,standard_hybrid,Living Longer by Reducing Leucine Intake,open_book_qa,0.867,0.088,1.000,"Long-term caloric restriction (CR) is a robust means of reducing age-related diseases and extending life span in multiple species, but the effects in humans are unknown. The low caloric intake, long l"
beir-PLAIN-11,standard_no_rerank,Living Longer by Reducing Leucine Intake,open_book_qa,0.600,0.088,1.000,"Over the last several years, new evidence has kept pouring in about the remarkable effect of caloric restriction (CR) on the conspicuous bedfellows- aging and cancer. Through the use of various animal"
beir-PLAIN-22,naive_dense_only,Why are Cancer Rates so Low in India?,open_book_qa,0.800,0.114,1.000,"Cancer is primarily a disease of old age, and that life style plays a major role in the development of most cancers is now well recognized. While plant-based formulations have been used to treat cance"
beir-PLAIN-22,standard_hybrid,Why are Cancer Rates so Low in India?,open_book_qa,0.933,0.114,1.000,"Numerous natural compounds have been extensively investigated for their potential for cancer prevention over decades. Curcumin, from Curcuma longa, is a highly promising natural compound that can be p"
beir-PLAIN-22,standard_no_rerank,Why are Cancer Rates so Low in India?,open_book_qa,0.800,0.114,1.000,"Cancer is primarily a disease of old age, and that life style plays a major role in the development of most cancers is now well recognized. While plant-based formulations have been used to treat cance"
beir-PLAIN-32,naive_dense_only,Peeks Behind the Egg Industry Curtain,open_book_qa,0.333,0.238,1.000,"BACKGROUND/AIMS: This study aimed to investigate the quantitative and qualitative changes of bacteria, Bacteroides, Bifidobacterium and Clostridium cluster IV in faecal microbiota associated with a ve"
beir-PLAIN-32,standard_hybrid,Peeks Behind the Egg Industry Curtain,open_book_qa,0.467,0.238,1.000,"A global health transition is currently underway. The burden of non-communicable diseases (NCDs) is increasing rapidly in the developing world, very much as a result of changes in lifestyles. In addit"
beir-PLAIN-32,standard_no_rerank,Peeks Behind the Egg Industry Curtain,open_book_qa,0.333,0.238,1.000,"BACKGROUND/AIMS: This study aimed to investigate the quantitative and qualitative changes of bacteria, Bacteroides, Bifidobacterium and Clostridium cluster IV in faecal microbiota associated with a ve"
beir-PLAIN-43,naive_dense_only,Organic Milk and Prostate Cancer,open_book_qa,1.000,0.167,1.000,The authors investigated whether early-life residency in certain areas of Iceland marked by distinct differences in milk intake was associated with risk of prostate cancer in a population-based cohort
beir-PLAIN-43,standard_hybrid,Organic Milk and Prostate Cancer,open_book_qa,1.000,0.167,1.000,"Concern has been expressed about the fact that cows' milk contains estrogens and could stimulate the growth of hormone-sensitive tumors. In this study, organic cows' milk and two commercial substitute"
beir-PLAIN-43,standard_no_rerank,Organic Milk and Prostate Cancer,open_book_qa,0.917,0.167,1.000,The authors investigated whether early-life residency in certain areas of Iceland marked by distinct differences in milk intake was associated with risk of prostate cancer in a population-based cohort
beir-PLAIN-55,naive_dense_only,Foods for Macular Degeneration,open_book_qa,0.850,0.116,1.000,"Retinal pigment epithelium (RPE) cells are vital for retinal health. However, they are susceptible to injury with ageing and exposure to excessive light, including UV (100-380 nm) and visible (380-760"
beir-PLAIN-55,standard_hybrid,Foods for Macular Degeneration,open_book_qa,1.000,0.116,1.000,Age-related macular degeneration (AMD) is a common disorder that causes irreversible loss of central vision. Increased intake of foods containing zeaxanthin may be effective in preventing AMD because 
beir-PLAIN-55,standard_no_rerank,Foods for Macular Degeneration,open_book_qa,0.850,0.116,1.000,"Retinal pigment epithelium (RPE) cells are vital for retinal health. However, they are susceptible to injury with ageing and exposure to excessive light, including UV (100-380 nm) and visible (380-760"
beir-PLAIN-67,naive_dense_only,How Beans Help Our Bones,open_book_qa,0.533,0.093,1.000,"This review describes the present state of knowledge about phytic acid (phytate), which is often present in legume seeds. The antinutritional effects of phytic acid primarily relate to the strong chel"
beir-PLAIN-67,standard_hybrid,How Beans Help Our Bones,open_book_qa,0.733,0.093,1.000,Disrupted iron metabolism and excess iron accumulation has been reported in the brains of Parkinson's disease (PD) patients. Because excessive iron can induce oxidative stress subsequently causing deg
beir-PLAIN-67,standard_no_rerank,How Beans Help Our Bones,open_book_qa,0.533,0.093,1.000,"This review describes the present state of knowledge about phytic acid (phytate), which is often present in legume seeds. The antinutritional effects of phytic acid primarily relate to the strong chel"
beir-PLAIN-77,naive_dense_only,Phosphate Additives in Chicken Banned Elsewhere,open_book_qa,0.867,0.172,1.000,"Campylobacter spp. are responsible for a large number of the bacterial food poisoning cases worldwide. Despite being sensitive to oxygen and nutritionally fastidious, Campylobacter spp. are able to su"
beir-PLAIN-77,standard_hybrid,Phosphate Additives in Chicken Banned Elsewhere,open_book_qa,0.867,0.172,1.000,BACKGROUND: Restriction of dietary phosphorus is a major aspect of patient care in those with renal disease. Restriction of dietary phosphorus is necessary to control for phosphate balance during both
beir-PLAIN-77,standard_no_rerank,Phosphate Additives in Chicken Banned Elsewhere,open_book_qa,0.867,0.172,1.000,"Campylobacter spp. are responsible for a large number of the bacterial food poisoning cases worldwide. Despite being sensitive to oxygen and nutritionally fastidious, Campylobacter spp. are able to su"
beir-PLAIN-90,naive_dense_only,How to Boost the Benefits of Exercise,open_book_qa,0.833,0.089,1.000,"To determine if 6 weeks of supplementation with antioxidants could alleviate exercise-induced DNA damage, we studied 21 runners during a 50 km ultramarathon. Subjects were randomly assigned to one of "
beir-PLAIN-90,standard_hybrid,How to Boost the Benefits of Exercise,open_book_qa,0.917,0.089,1.000,"Exercise-induced oxidative stress is instrumental in achieving the health benefits from regular exercise. Therefore, inappropriate use of fruit-derived products (commonly applied as prophalytic antiox"
beir-PLAIN-90,standard_no_rerank,How to Boost the Benefits of Exercise,open_book_qa,0.833,0.089,1.000,"To determine if 6 weeks of supplementation with antioxidants could alleviate exercise-induced DNA damage, we studied 21 runners during a 50 km ultramarathon. Subjects were randomly assigned to one of "
beir-PLAIN-101,naive_dense_only,How to Treat Multiple Sclerosis With Diet,open_book_qa,0.944,0.161,1.000,The purpose of this study was to determine whether a single LDL apheresis would improve impaired endothelium-dependent dilation of the coronary artery in patients with hypercholesterolemia. Hyperchole
beir-PLAIN-101,standard_hybrid,How to Treat Multiple Sclerosis With Diet,open_book_qa,1.000,0.161,1.000,"It is commonly accepted that nutrition is one of the possible environmental factors involved in the pathogenesis of multiple sclerosis (MS), but its role as complementary MS treatment is unclear and l"
beir-PLAIN-101,standard_no_rerank,How to Treat Multiple Sclerosis With Diet,open_book_qa,0.889,0.161,1.000,The purpose of this study was to determine whether a single LDL apheresis would improve impaired endothelium-dependent dilation of the coronary artery in patients with hypercholesterolemia. Hyperchole
beir-PLAIN-111,naive_dense_only,How to Get Kids to Eat Their Vegetables,open_book_qa,0.833,0.106,1.000,"OBJECTIVE: This study will determine if the selective use of attractive names can be a sustainable, scalable means to increase the selection of vegetables in school lunchrooms. METHODS: Study 1 paired"
beir-PLAIN-111,standard_hybrid,How to Get Kids to Eat Their Vegetables,open_book_qa,0.889,0.106,1.000,"Background: Strategies are needed to increase children's intake of a variety of vegetables, including vegetables that are not well liked. Objective: We investigated whether incorporating puréed vegeta"
beir-PLAIN-111,standard_no_rerank,How to Get Kids to Eat Their Vegetables,open_book_qa,0.833,0.106,1.000,"OBJECTIVE: This study will determine if the selective use of attractive names can be a sustainable, scalable means to increase the selection of vegetables in school lunchrooms. METHODS: Study 1 paired"
beir-PLAIN-122,naive_dense_only,Citrus to Reduce Muscle Fatigue,open_book_qa,0.717,0.111,1.000,"OBJECTIVE: This study investigated how consumption of orange juice associated with aerobic training affected serum lipids and physical characteristics of overweight, middle-aged women. METHODS: The ex"
beir-PLAIN-122,standard_hybrid,Citrus to Reduce Muscle Fatigue,open_book_qa,0.917,0.111,1.000,Context: Numerous recovery strategies have been used in an attempt to minimize the symptoms of delayed-onset muscle soreness (DOMS). Whole-body vibration (WBV) has been suggested as a viable warm-up f
beir-PLAIN-122,standard_no_rerank,Citrus to Reduce Muscle Fatigue,open_book_qa,0.633,0.111,1.000,"OBJECTIVE: This study investigated how consumption of orange juice associated with aerobic training affected serum lipids and physical characteristics of overweight, middle-aged women. METHODS: The ex"
beir-PLAIN-132,naive_dense_only,Can We Fight the Blues With Greens?,open_book_qa,0.800,0.167,1.000,Background Omnivorous diets are high in arachidonic acid (AA) compared to vegetarian diets. Research shows that high intakes of AA promote changes in brain that can disturb mood. Omnivores who eat fis
beir-PLAIN-132,standard_hybrid,Can We Fight the Blues With Greens?,open_book_qa,0.800,0.167,1.000,"Objectives Polyphenols, natural compounds found in plant-based foods, possess special properties that can battle oxidative stress and stimulate the activation of molecules that aid in synaptic plastic"
beir-PLAIN-132,standard_no_rerank,Can We Fight the Blues With Greens?,open_book_qa,0.800,0.167,1.000,Background Omnivorous diets are high in arachidonic acid (AA) compared to vegetarian diets. Research shows that high intakes of AA promote changes in brain that can disturb mood. Omnivores who eat fis
beir-PLAIN-142,naive_dense_only,Dealing With Air Travel Radiation Exposure,open_book_qa,0.833,0.074,1.000,"Background: Dietary antioxidants may protect against DNA damage induced by endogenous and exogenous sources, including ionizing radiation (IR), but data from IR-exposed human populations are limited. "
beir-PLAIN-142,standard_hybrid,Dealing With Air Travel Radiation Exposure,open_book_qa,0.833,0.074,1.000,"Retinal pigment epithelium (RPE) cells are vital for retinal health. However, they are susceptible to injury with ageing and exposure to excessive light, including UV (100-380 nm) and visible (380-760"
beir-PLAIN-142,standard_no_rerank,Dealing With Air Travel Radiation Exposure,open_book_qa,0.833,0.074,1.000,"Background: Dietary antioxidants may protect against DNA damage induced by endogenous and exogenous sources, including ionizing radiation (IR), but data from IR-exposed human populations are limited. "
beir-PLAIN-152,naive_dense_only,How Probiotics Affect Mental Health,open_book_qa,0.800,0.070,1.000,"This study examined the impact of academic stress on salivary cortisol concentrations and lactic acid bacteria activity. Whole, unstimulated saliva samples and faecal samples were collected from 23 he"
beir-PLAIN-152,standard_hybrid,How Probiotics Affect Mental Health,open_book_qa,1.000,0.070,1.000,I hypothesize here that the ability of probiotics to synthesize neuroactive compounds provides a unifying microbial endocrinology-based mechanism to explain the hitherto incompletely understood action
beir-PLAIN-152,standard_no_rerank,How Probiotics Affect Mental Health,open_book_qa,0.733,0.070,1.000,"This study examined the impact of academic stress on salivary cortisol concentrations and lactic acid bacteria activity. Whole, unstimulated saliva samples and faecal samples were collected from 23 he"
beir-PLAIN-164,naive_dense_only,Down But Not Out,open_book_qa,0.767,0.238,1.000,"BACKGROUND/AIMS: This study aimed to investigate the quantitative and qualitative changes of bacteria, Bacteroides, Bifidobacterium and Clostridium cluster IV in faecal microbiota associated with a ve"
beir-PLAIN-164,standard_hybrid,Down But Not Out,open_book_qa,0.917,0.238,1.000,"Until recently, intact protein that is rich in tryptophan was not seen as an alternative to pharmaceutical-grade tryptophan because protein also contains large neutral amino acids (LNAAs) that compete"
beir-PLAIN-164,standard_no_rerank,Down But Not Out,open_book_qa,0.683,0.238,1.000,"BACKGROUND/AIMS: This study aimed to investigate the quantitative and qualitative changes of bacteria, Bacteroides, Bifidobacterium and Clostridium cluster IV in faecal microbiota associated with a ve"
beir-PLAIN-174,naive_dense_only,Cinnamon for Diabetes,open_book_qa,1.000,0.104,1.000,"Cinnamon, the dry bark and twig of Cinnamomum spp., is a rich botanical source of polyphenolics that has been used for centuries in Chinese medicine and has been shown to affect blood glucose and insu"
beir-PLAIN-174,standard_hybrid,Cinnamon for Diabetes,open_book_qa,1.000,0.104,1.000,"Cinnamon, the dry bark and twig of Cinnamomum spp., is a rich botanical source of polyphenolics that has been used for centuries in Chinese medicine and has been shown to affect blood glucose and insu"
beir-PLAIN-174,standard_no_rerank,Cinnamon for Diabetes,open_book_qa,1.000,0.104,1.000,"Cinnamon, the dry bark and twig of Cinnamomum spp., is a rich botanical source of polyphenolics that has been used for centuries in Chinese medicine and has been shown to affect blood glucose and insu"
beir-PLAIN-185,naive_dense_only,The Best Nutrition Bar,open_book_qa,0.756,0.143,1.000,BACKGROUND: The frequency of unhealthful snacking has increased dramatically over the last three decades. Fruits and nuts have been shown to have positive health effects. No study has investigated the
beir-PLAIN-185,standard_hybrid,The Best Nutrition Bar,open_book_qa,0.889,0.143,1.000,BACKGROUND: The frequency of unhealthful snacking has increased dramatically over the last three decades. Fruits and nuts have been shown to have positive health effects. No study has investigated the
beir-PLAIN-185,standard_no_rerank,The Best Nutrition Bar,open_book_qa,0.756,0.143,1.000,BACKGROUND: The frequency of unhealthful snacking has increased dramatically over the last three decades. Fruits and nuts have been shown to have positive health effects. No study has investigated the
beir-PLAIN-195,naive_dense_only,Why are Children Starting Puberty Earlier?,open_book_qa,0.800,0.167,1.000,BACKGROUND: A male epidemic of ischaemic heart disease (IHD) emerges with economic development. It has previously been hypothesised that this epidemic is due to nutritionally driven levels of pubertal
beir-PLAIN-195,standard_hybrid,Why are Children Starting Puberty Earlier?,open_book_qa,0.867,0.167,1.000,"Early onset of puberty may confer adverse health consequences. Thus, modifiable factors influencing the timing of puberty are of public health interest. Childhood overweight as a factor in the earlier"
beir-PLAIN-195,standard_no_rerank,Why are Children Starting Puberty Earlier?,open_book_qa,0.800,0.167,1.000,BACKGROUND: A male epidemic of ischaemic heart disease (IHD) emerges with economic development. It has previously been hypothesised that this epidemic is due to nutritionally driven levels of pubertal
beir-PLAIN-206,naive_dense_only,Foods That May Block Cancer Formation,open_book_qa,0.833,0.122,1.000,"The raw form of garlic and some of its preparations are widely recognized as antiplatelet agents that may contribute to the prevention of cardiovascular disease. Herein, we examined the in-vitro antia"
beir-PLAIN-206,standard_hybrid,Foods That May Block Cancer Formation,open_book_qa,0.944,0.122,1.000,"Anthocyanins, belonging to the flavonoid family of phytochemicals, have received attention as agents that may have potential in preventing chronic diseases such as cardiovascular diseases and certain "
beir-PLAIN-206,standard_no_rerank,Foods That May Block Cancer Formation,open_book_qa,0.833,0.122,1.000,"The raw form of garlic and some of its preparations are widely recognized as antiplatelet agents that may contribute to the prevention of cardiovascular disease. Herein, we examined the in-vitro antia"
beir-PLAIN-216,naive_dense_only,Plant-Based Diets for Metabolic Syndrome,open_book_qa,0.700,0.156,1.000,"OBJECTIVE: A meta-analysis was performed on epidemiologic studies to assess the relation between β-glucan consumption from oats and from barley on blood cholesterol level, triglyceride/triacylglycerol"
beir-PLAIN-216,standard_hybrid,Plant-Based Diets for Metabolic Syndrome,open_book_qa,0.944,0.156,1.000,"Three recent case-control studies conclude that diets high in animal fat or cholesterol are associated with a substantial increase in risk for Parkinson's disease (PD); in contrast, fat of plant origi"
beir-PLAIN-216,standard_no_rerank,Plant-Based Diets for Metabolic Syndrome,open_book_qa,0.700,0.156,1.000,"OBJECTIVE: A meta-analysis was performed on epidemiologic studies to assess the relation between β-glucan consumption from oats and from barley on blood cholesterol level, triglyceride/triacylglycerol"
beir-PLAIN-226,naive_dense_only,Bugs & Drugs in Pork: Yersinia and Ractopamine,open_book_qa,0.733,0.116,1.000,Various methods have been described in the literature for the detection of virulent Yersinia enterocolitica in pigs. The risk factors for pig herd contamination have yet to be determined. The objectiv
beir-PLAIN-226,standard_hybrid,Bugs & Drugs in Pork: Yersinia and Ractopamine,open_book_qa,0.800,0.116,1.000,"Pigs are considered as a major reservoir of human pathogenic Yersinia enterocolitica and a source of human yersiniosis. However, the transmission route of Y. enterocolitica from farm to pork is still "
beir-PLAIN-226,standard_no_rerank,Bugs & Drugs in Pork: Yersinia and Ractopamine,open_book_qa,0.733,0.116,1.000,Various methods have been described in the literature for the detection of virulent Yersinia enterocolitica in pigs. The risk factors for pig herd contamination have yet to be determined. The objectiv
beir-PLAIN-237,naive_dense_only,Pollutants in Californian Breast Tissue,open_book_qa,0.483,0.102,1.000,Polybrominated diphenyl ether (PBDE) body burdens in the general U.S. population have been linked to the consumption of red meat and poultry. Exposure estimates have also indicated that meat products 
beir-PLAIN-237,standard_hybrid,Pollutants in Californian Breast Tissue,open_book_qa,0.917,0.102,1.000,"The co-occurrence of fish MeHg and omega-3 fatty acids in wild species can indeed be optimized by choosing certain species. Farmed finfish and shellfish that are fed fish-meal, however, can bioconcent"
beir-PLAIN-237,standard_no_rerank,Pollutants in Californian Breast Tissue,open_book_qa,0.483,0.102,1.000,Polybrominated diphenyl ether (PBDE) body burdens in the general U.S. population have been linked to the consumption of red meat and poultry. Exposure estimates have also indicated that meat products 
beir-PLAIN-247,naive_dense_only,How Do Plant-Based Diets Fight Cancer?,open_book_qa,0.778,0.139,1.000,"Amino acids modulate the secretion of both insulin and glucagon; the composition of dietary protein therefore has the potential to influence the balance of glucagon and insulin activity. Soy protein, "
beir-PLAIN-247,standard_hybrid,How Do Plant-Based Diets Fight Cancer?,open_book_qa,0.944,0.139,1.000,"A global health transition is currently underway. The burden of non-communicable diseases (NCDs) is increasing rapidly in the developing world, very much as a result of changes in lifestyles. In addit"
beir-PLAIN-247,standard_no_rerank,How Do Plant-Based Diets Fight Cancer?,open_book_qa,0.778,0.139,1.000,"Amino acids modulate the secretion of both insulin and glucagon; the composition of dietary protein therefore has the potential to influence the balance of glucagon and insulin activity. Soy protein, "
beir-PLAIN-258,naive_dense_only,Nuts Don't Cause Expected Weight Gain,open_book_qa,0.822,0.556,1.000,"Nuts are rich sources of multiple nutrients and phytochemicals associated with health benefits, including reduced cardiovascular disease risk. This has prompted recommendations to increase their consu"
beir-PLAIN-258,standard_hybrid,Nuts Don't Cause Expected Weight Gain,open_book_qa,0.889,0.556,1.000,There is currently no single dietary or lifestyle intervention that is effective in long-term weight loss. Traditional weight loss diets tend to be low in total fat and therefore often restrict nut co
beir-PLAIN-258,standard_no_rerank,Nuts Don't Cause Expected Weight Gain,open_book_qa,0.767,0.556,1.000,"Nuts are rich sources of multiple nutrients and phytochemicals associated with health benefits, including reduced cardiovascular disease risk. This has prompted recommendations to increase their consu"
beir-PLAIN-269,naive_dense_only,Preventing and Treating Kidney Failure With Diet,open_book_qa,0.767,0.122,1.000,"In Asia, vegetarianism is a well-established eating behavior. It appears that the adoption of a vegan diet leads to a lessening of several health risk factors. Although vegetarianism has some notable "
beir-PLAIN-269,standard_hybrid,Preventing and Treating Kidney Failure With Diet,open_book_qa,0.833,0.122,1.000,"Hyperphosphatemia and hyperparathyroidism, frequently observed in patients with endstage renal disease, are associated with renal osteodystrophy, organ calcification, cardiovascular disease and sudden"
beir-PLAIN-269,standard_no_rerank,Preventing and Treating Kidney Failure With Diet,open_book_qa,0.767,0.122,1.000,"In Asia, vegetarianism is a well-established eating behavior. It appears that the adoption of a vegan diet leads to a lessening of several health risk factors. Although vegetarianism has some notable "
beir-PLAIN-279,naive_dense_only,Latest in Clinical Nutrition Volume 10 Now on DVD,open_book_qa,0.467,0.238,1.000,"BACKGROUND/AIMS: This study aimed to investigate the quantitative and qualitative changes of bacteria, Bacteroides, Bifidobacterium and Clostridium cluster IV in faecal microbiota associated with a ve"
beir-PLAIN-279,standard_hybrid,Latest in Clinical Nutrition Volume 10 Now on DVD,open_book_qa,0.800,0.238,1.000,"Obesity has important health consequences, including elevating risk for heart disease, diabetes, and cancer. A high-fat diet is known to contribute to obesity. Little is known regarding the effect of "
beir-PLAIN-279,standard_no_rerank,Latest in Clinical Nutrition Volume 10 Now on DVD,open_book_qa,0.467,0.238,1.000,"BACKGROUND/AIMS: This study aimed to investigate the quantitative and qualitative changes of bacteria, Bacteroides, Bifidobacterium and Clostridium cluster IV in faecal microbiota associated with a ve"
beir-PLAIN-290,naive_dense_only,Coffee Caveats,open_book_qa,0.333,1.000,1.000,"Reducing oxidative damage is thought to be an effective aging intervention. Açai, a fruit indigenous to the Amazon, is rich in phytochemicals that possesses high anti-oxidant activities, and has anti-"
beir-PLAIN-290,standard_hybrid,Coffee Caveats,open_book_qa,0.333,1.000,1.000,"Reducing oxidative damage is thought to be an effective aging intervention. Açai, a fruit indigenous to the Amazon, is rich in phytochemicals that possesses high anti-oxidant activities, and has anti-"
beir-PLAIN-290,standard_no_rerank,Coffee Caveats,open_book_qa,0.333,1.000,1.000,"Reducing oxidative damage is thought to be an effective aging intervention. Açai, a fruit indigenous to the Amazon, is rich in phytochemicals that possesses high anti-oxidant activities, and has anti-"
beir-PLAIN-304,naive_dense_only,"EPA dioxin limit has National Chicken Council worried products could be declared ""unfit for consumption""",open_book_qa,0.762,1.000,1.000,The aim of these studies was to evaluate the potential of some nutritional approaches to prevent or reduce the body load of organochlorines (OC) in humans. Study 1 compared plasma OC concentrations be
beir-PLAIN-304,standard_hybrid,"EPA dioxin limit has National Chicken Council worried products could be declared ""unfit for consumption""",open_book_qa,0.762,1.000,1.000,"OBJECTIVE: Few biomarkers for dietary intake of various food groups have been established. The aim of the present study was to explore whether selenium (Se), iodine, mercury (Hg) or arsenic may serve "
beir-PLAIN-304,standard_no_rerank,"EPA dioxin limit has National Chicken Council worried products could be declared ""unfit for consumption""",open_book_qa,0.762,1.000,1.000,The aim of these studies was to evaluate the potential of some nutritional approaches to prevent or reduce the body load of organochlorines (OC) in humans. Study 1 compared plasma OC concentrations be
beir-PLAIN-319,naive_dense_only,Bowel movements: the scoop on poop,open_book_qa,0.633,0.385,1.000,Diverticular disease of the colon is among the most prevalent conditions in western society and is among the leading reasons for outpatient visits and causes of hospitalization. While previously consi
beir-PLAIN-319,standard_hybrid,Bowel movements: the scoop on poop,open_book_qa,0.633,0.385,1.000,OBJECTIVE: To investigate the relationships between nutritional and lifestyle factors and bowel movement frequency. DESIGN: Cross-sectional analysis using data from a prospective study. Mean numbers o
beir-PLAIN-319,standard_no_rerank,Bowel movements: the scoop on poop,open_book_qa,0.633,0.385,1.000,Diverticular disease of the colon is among the most prevalent conditions in western society and is among the leading reasons for outpatient visits and causes of hospitalization. While previously consi
beir-PLAIN-331,naive_dense_only,How to live longer in four easy steps,open_book_qa,0.333,1.000,1.000,Recent evidences have highlighted an influence of micronutrients in the maintenance of telomere length (TL). In order to explore whether diet-related telomere shortening had any physiological relevanc
beir-PLAIN-331,standard_hybrid,How to live longer in four easy steps,open_book_qa,0.333,1.000,1.000,"BACKGROUND: The cardioprotective properties of moderate alcohol consumption, compared with abstinence or heavy drinking, are widely reported, but whether the benefits are experienced equally by all mo"
beir-PLAIN-331,standard_no_rerank,How to live longer in four easy steps,open_book_qa,0.333,1.000,1.000,Recent evidences have highlighted an influence of micronutrients in the maintenance of telomere length (TL). In order to explore whether diet-related telomere shortening had any physiological relevanc
beir-PLAIN-343,naive_dense_only,Three Brands of Nutritional Yeast Contain Detectable Lead Levels But the Risk is Minimal,open_book_qa,0.655,0.185,1.000,"There is significant interest in the use of mushrooms and/or mushroom extracts as dietary supplements based on theories that they enhance immune function and promote health. To some extent, select mus"
beir-PLAIN-343,standard_hybrid,Three Brands of Nutritional Yeast Contain Detectable Lead Levels But the Risk is Minimal,open_book_qa,0.758,0.185,1.000,"There is significant interest in the use of mushrooms and/or mushroom extracts as dietary supplements based on theories that they enhance immune function and promote health. To some extent, select mus"
beir-PLAIN-343,standard_no_rerank,Three Brands of Nutritional Yeast Contain Detectable Lead Levels But the Risk is Minimal,open_book_qa,0.624,0.185,1.000,"There is significant interest in the use of mushrooms and/or mushroom extracts as dietary supplements based on theories that they enhance immune function and promote health. To some extent, select mus"
beir-PLAIN-357,naive_dense_only,Can diet be used to treat kidney cancer?,open_book_qa,0.756,0.079,1.000,"Background: The evidence for meat intake and renal cell carcinoma (RCC) risk is inconsistent. Mutagens related to meat cooking and processing, and variation by RCC subtype may be important to consider"
beir-PLAIN-357,standard_hybrid,Can diet be used to treat kidney cancer?,open_book_qa,0.944,0.079,1.000,Oestrogen is an important determinant of breast cancer risk. Oestrogen-mimicking plant compounds called phytoestrogens can bind to oestrogen receptors and exert weak oestrogenic effects. Despite this 
beir-PLAIN-357,standard_no_rerank,Can diet be used to treat kidney cancer?,open_book_qa,0.700,0.079,1.000,"Background: The evidence for meat intake and renal cell carcinoma (RCC) risk is inconsistent. Mutagens related to meat cooking and processing, and variation by RCC subtype may be important to consider"
beir-PLAIN-370,naive_dense_only,Do microgreens have more nutrition?,open_book_qa,0.700,0.833,1.000,"Ionizing radiation of fruits and vegetables, in the form of gamma rays or electron beams, is effective in overcoming quarantine barriers in trade and prolonging shelf life, but a void of information p"
beir-PLAIN-370,standard_hybrid,Do microgreens have more nutrition?,open_book_qa,0.700,0.833,1.000,"Microgreens (seedlings of edible vegetables and herbs) have gained popularity as a new culinary trend over the past few years. Although small in size, microgreens can provide surprisingly intense flav"
beir-PLAIN-370,standard_no_rerank,Do microgreens have more nutrition?,open_book_qa,0.700,0.833,1.000,"Ionizing radiation of fruits and vegetables, in the form of gamma rays or electron beams, is effective in overcoming quarantine barriers in trade and prolonging shelf life, but a void of information p"
beir-PLAIN-382,naive_dense_only,Is vanilla almond milk healthy?,open_book_qa,0.767,1.000,1.000,"BACKGROUND: Vanillin is responsible for the flavor and smell of vanilla, a widely used flavoring agent. Previous studies showed that vanillin could enhance the repair of mutations and thus function as"
beir-PLAIN-382,standard_hybrid,Is vanilla almond milk healthy?,open_book_qa,0.767,1.000,1.000,OBJECTIVE: To assess the public health significance of premature weaning of infants from breast milk on later-life risk of chronic illness. DESIGN: A review and summary of recent meta-analyses of stud
beir-PLAIN-382,standard_no_rerank,Is vanilla almond milk healthy?,open_book_qa,0.683,1.000,1.000,"BACKGROUND: Vanillin is responsible for the flavor and smell of vanilla, a widely used flavoring agent. Previous studies showed that vanillin could enhance the repair of mutations and thus function as"
beir-PLAIN-394,naive_dense_only,Should we take algae supplements for astaxanthin?,open_book_qa,0.639,1.000,1.000,Skin functions and structure are significantly influenced by nutrients. Antioxidants protect the supportive layer of the skin against any damaging irradiation effects and the action of free radicals. 
beir-PLAIN-394,standard_hybrid,Should we take algae supplements for astaxanthin?,open_book_qa,0.639,1.000,1.000,Skin functions and structure are significantly influenced by nutrients. Antioxidants protect the supportive layer of the skin against any damaging irradiation effects and the action of free radicals. 
beir-PLAIN-394,standard_no_rerank,Should we take algae supplements for astaxanthin?,open_book_qa,0.639,1.000,1.000,Skin functions and structure are significantly influenced by nutrients. Antioxidants protect the supportive layer of the skin against any damaging irradiation effects and the action of free radicals. 
beir-PLAIN-406,naive_dense_only,Can hibiscus tea cause coughing?,open_book_qa,0.467,0.200,1.000,"ETHNOPHARMACOLOGICAL RELEVANCE: The beverages of Hibiscus sabdariffa calyces are widely used in Mexico as diuretic, for treating gastrointestinal disorders, liver diseases, fever, hypercholesterolemia"
beir-PLAIN-406,standard_hybrid,Can hibiscus tea cause coughing?,open_book_qa,0.733,0.200,1.000,This study reviewed the literature on the relations between exposure to chemicals with endocrine-disrupting abilities and obesity in humans. The studies generally indicated that exposure to some of th
beir-PLAIN-406,standard_no_rerank,Can hibiscus tea cause coughing?,open_book_qa,0.467,0.200,1.000,"ETHNOPHARMACOLOGICAL RELEVANCE: The beverages of Hibiscus sabdariffa calyces are widely used in Mexico as diuretic, for treating gastrointestinal disorders, liver diseases, fever, hypercholesterolemia"
beir-PLAIN-417,naive_dense_only,Does wild rice contain the same levels of arsenic as brown rice?,open_book_qa,0.875,1.000,1.000,"Chinese wild rice has been consumed for over 3000 years, but its safety as a food in China has never been established. The grain contains higher amounts of protein, ash and crude fibre than white rice"
beir-PLAIN-417,standard_hybrid,Does wild rice contain the same levels of arsenic as brown rice?,open_book_qa,0.875,1.000,1.000,"Rice is more elevated in arsenic than all other grain crops tested to date, with whole grain (brown) rice having higher arsenic levels than polished (white). It is reported here that rice bran, both c"
beir-PLAIN-417,standard_no_rerank,Does wild rice contain the same levels of arsenic as brown rice?,open_book_qa,0.833,1.000,1.000,"Chinese wild rice has been consumed for over 3000 years, but its safety as a food in China has never been established. The grain contains higher amounts of protein, ash and crude fibre than white rice"
beir-PLAIN-428,naive_dense_only,"In making water alkaline, how much baking soda is too much?",open_book_qa,0.750,1.000,1.000,Oral ingestion of baking soda (sodium bicarbonate) has been used for decades as a home remedy for acid indigestion. Excessive bicarbonate ingestion places patients at risk for a variety of metabolic d
beir-PLAIN-428,standard_hybrid,"In making water alkaline, how much baking soda is too much?",open_book_qa,0.750,1.000,1.000,Oral ingestion of baking soda (sodium bicarbonate) has been used for decades as a home remedy for acid indigestion. Excessive bicarbonate ingestion places patients at risk for a variety of metabolic d
beir-PLAIN-428,standard_no_rerank,"In making water alkaline, how much baking soda is too much?",open_book_qa,0.750,1.000,1.000,Oral ingestion of baking soda (sodium bicarbonate) has been used for decades as a home remedy for acid indigestion. Excessive bicarbonate ingestion places patients at risk for a variety of metabolic d
beir-PLAIN-440,naive_dense_only,What's the right dose of saffron?,open_book_qa,0.778,0.385,1.000,"Male factor infertility is a multifactorial disorder that affects a significant percentage of infertile couples; however, many of them remained untreated. In recent years, considerable numbers of infe"
beir-PLAIN-440,standard_hybrid,What's the right dose of saffron?,open_book_qa,0.889,0.385,1.000,"Depressive disorders are very common in clinical practice, with approximately 11.3 of all adults afflicted during any a year. Saffron is the world's most expensive spice and apart from its traditional"
beir-PLAIN-440,standard_no_rerank,What's the right dose of saffron?,open_book_qa,0.778,0.385,1.000,"Male factor infertility is a multifactorial disorder that affects a significant percentage of infertile couples; however, many of them remained untreated. In recent years, considerable numbers of infe"
beir-PLAIN-456,naive_dense_only,Is multivitamin use really associated to an increased risk of breast cancer?,open_book_qa,0.958,1.000,1.000,BACKGROUND: The association between consumption of multivitamins and breast cancer is inconsistent in epidemiologic studies. OBJECTIVE: To perform a meta-analysis of cohort and case-control studies to
beir-PLAIN-456,standard_hybrid,Is multivitamin use really associated to an increased risk of breast cancer?,open_book_qa,0.958,1.000,1.000,BACKGROUND: The association between consumption of multivitamins and breast cancer is inconsistent in epidemiologic studies. OBJECTIVE: To perform a meta-analysis of cohort and case-control studies to
beir-PLAIN-456,standard_no_rerank,Is multivitamin use really associated to an increased risk of breast cancer?,open_book_qa,0.958,1.000,1.000,BACKGROUND: The association between consumption of multivitamins and breast cancer is inconsistent in epidemiologic studies. OBJECTIVE: To perform a meta-analysis of cohort and case-control studies to
beir-PLAIN-467,naive_dense_only,"Isn't regular cocoa powder healthier than alkali-processed ""dutched"" cocoa?",open_book_qa,0.748,1.000,1.000,"Purpose Soy isoflavones, structurally similar to endogenous estrogens, may affect breast cancer through both hormonally-mediated and non-hormonally related mechanisms. Although the effects of soy are "
beir-PLAIN-467,standard_hybrid,"Isn't regular cocoa powder healthier than alkali-processed ""dutched"" cocoa?",open_book_qa,0.748,1.000,1.000,BACKGROUND: Studies suggest cardioprotective benefits of dark chocolate containing cocoa. OBJECTIVE: This study examines the acute effects of solid dark chocolate and liquid cocoa intake on endothelia
beir-PLAIN-467,standard_no_rerank,"Isn't regular cocoa powder healthier than alkali-processed ""dutched"" cocoa?",open_book_qa,0.711,1.000,1.000,"Purpose Soy isoflavones, structurally similar to endogenous estrogens, may affect breast cancer through both hormonally-mediated and non-hormonally related mechanisms. Although the effects of soy are "
beir-PLAIN-477,naive_dense_only,acarbose,open_book_qa,0.333,0.714,1.000,"Background Around the world, beans and rice are commonly consumed together as a meal. With type 2 diabetes increasing, the effect of this traditional diet pattern on glycemic response has not been stu"
beir-PLAIN-477,standard_hybrid,acarbose,open_book_qa,0.333,0.714,1.000,"Background Around the world, beans and rice are commonly consumed together as a meal. With type 2 diabetes increasing, the effect of this traditional diet pattern on glycemic response has not been stu"
beir-PLAIN-477,standard_no_rerank,acarbose,open_book_qa,0.333,0.714,1.000,"Background Around the world, beans and rice are commonly consumed together as a meal. With type 2 diabetes increasing, the effect of this traditional diet pattern on glycemic response has not been stu"
beir-PLAIN-487,naive_dense_only,addiction,open_book_qa,0.867,0.106,1.000,"Background: Weight gain leads to reduced reward-region responsivity to energy-dense food receipt, and consumption of an energy-dense diet compared with an isocaloric, low-energy-density diet leads to "
beir-PLAIN-487,standard_hybrid,addiction,open_book_qa,1.000,0.106,1.000,"The aromatic beta-carbolines norharman and harman have been implicated in a number of human diseases including Parkinson's disease, tremor, addiction and cancer. It has been shown that these compounds"
beir-PLAIN-487,standard_no_rerank,addiction,open_book_qa,0.867,0.106,1.000,"Background: Weight gain leads to reduced reward-region responsivity to energy-dense food receipt, and consumption of an energy-dense diet compared with an isocaloric, low-energy-density diet leads to "
beir-PLAIN-498,naive_dense_only,African Americans,open_book_qa,0.567,0.500,1.000,"BACKGROUND: Mammalian lignans, enterolactone (EL) and enterodiol (ED), have been shown to inhibit breast and colon carcinoma. To date, there have been no reports of the effect of lignans on prostatic "
beir-PLAIN-498,standard_hybrid,African Americans,open_book_qa,0.800,0.500,1.000,Background: Epidemiologic studies have suggested that most cases of sporadic colon cancer can be attributed to diet. The recognition that colonic microbiota have a major influence on colonic health su
beir-PLAIN-498,standard_no_rerank,African Americans,open_book_qa,0.400,0.500,1.000,"BACKGROUND: Mammalian lignans, enterolactone (EL) and enterodiol (ED), have been shown to inhibit breast and colon carcinoma. To date, there have been no reports of the effect of lignans on prostatic "
beir-PLAIN-508,naive_dense_only,air travel,open_book_qa,0.333,0.833,1.000,"Background: Dietary antioxidants may protect against DNA damage induced by endogenous and exogenous sources, including ionizing radiation (IR), but data from IR-exposed human populations are limited. "
beir-PLAIN-508,standard_hybrid,air travel,open_book_qa,0.333,0.833,1.000,Cytogenetic analysis was performed in peripheral blood lymphocytes from hospital workers chronically exposed to ionizing radiation in comparison to matched non-exposed individuals. The accumulated abs
beir-PLAIN-508,standard_no_rerank,air travel,open_book_qa,0.333,0.833,1.000,"Background: Dietary antioxidants may protect against DNA damage induced by endogenous and exogenous sources, including ionizing radiation (IR), but data from IR-exposed human populations are limited. "
beir-PLAIN-519,naive_dense_only,allergies,open_book_qa,0.733,0.026,1.000,"Alkylphenols are widely used as plastic additives and surfactants. We report the identification of an alkylphenol, nonylphenol, as an estrogenic substance released from plastic centrifuge tubes. This "
beir-PLAIN-519,standard_hybrid,allergies,open_book_qa,1.000,0.026,1.000,"After observing a patient allergic to cat dander and pork but devoid of other allergies, we prospectively screened patients known to be allergic to cat for a second sensitization to pork. After collec"
beir-PLAIN-519,standard_no_rerank,allergies,open_book_qa,0.733,0.026,1.000,"Alkylphenols are widely used as plastic additives and surfactants. We report the identification of an alkylphenol, nonylphenol, as an estrogenic substance released from plastic centrifuge tubes. This "
beir-PLAIN-530,naive_dense_only,ALS,open_book_qa,0.733,0.135,1.000,Context: Organophosphate (OP) pesticides are neurotoxic at high doses. Few studies have examined whether chronic exposure at lower levels could adversely affect children’s cognitive development. Objec
beir-PLAIN-530,standard_hybrid,ALS,open_book_qa,1.000,0.135,1.000,"Along with the wide use of pesticides in the world, the concerns over their health impacts are rapidly growing. There is a huge body of evidence on the relation between exposure to pesticides and elev"
beir-PLAIN-530,standard_no_rerank,ALS,open_book_qa,0.733,0.135,1.000,Context: Organophosphate (OP) pesticides are neurotoxic at high doses. Few studies have examined whether chronic exposure at lower levels could adversely affect children’s cognitive development. Objec
beir-PLAIN-540,naive_dense_only,American College of Lifestyle Medicine,open_book_qa,0.617,1.000,1.000,"Genetic and environmental factors, including diet and life-style, both contribute to cardiovascular disease, cancers, and other major causes of mortality, but various lines of evidence indicate that e"
beir-PLAIN-540,standard_hybrid,American College of Lifestyle Medicine,open_book_qa,0.617,1.000,1.000,"Background There is overwhelming evidence that behavioural factors influence health, but their combined impact on the general population is less well documented. We aimed to quantify the potential com"
beir-PLAIN-540,standard_no_rerank,American College of Lifestyle Medicine,open_book_qa,0.617,1.000,1.000,"Genetic and environmental factors, including diet and life-style, both contribute to cardiovascular disease, cancers, and other major causes of mortality, but various lines of evidence indicate that e"
beir-PLAIN-550,naive_dense_only,ammonia,open_book_qa,0.800,0.625,1.000,"It is generally accepted that carbohydrate fermentation results in beneficial effects for the host because of the generation of short chain fatty acids, whereas protein fermentation is considered detr"
beir-PLAIN-550,standard_hybrid,ammonia,open_book_qa,0.800,0.625,1.000,We investigated the effect of resistant starch (RS) on markers of colonic protein metabolism. Eleven subjects participated in a randomized crossover study in which they consumed either high-RS (39 +/-
beir-PLAIN-550,standard_no_rerank,ammonia,open_book_qa,0.800,0.625,1.000,"It is generally accepted that carbohydrate fermentation results in beneficial effects for the host because of the generation of short chain fatty acids, whereas protein fermentation is considered detr"
beir-PLAIN-560,naive_dense_only,anesthesia,open_book_qa,0.333,1.000,1.000,This review is an updated and expanded version of two prior reviews that were published in this journal in 1997 and 2003. In the case of all approved agents the time frame has been extended to include
beir-PLAIN-560,standard_hybrid,anesthesia,open_book_qa,0.333,1.000,1.000,This review is an updated and expanded version of two prior reviews that were published in this journal in 1997 and 2003. In the case of all approved agents the time frame has been extended to include
beir-PLAIN-560,standard_no_rerank,anesthesia,open_book_qa,0.333,1.000,1.000,This review is an updated and expanded version of two prior reviews that were published in this journal in 1997 and 2003. In the case of all approved agents the time frame has been extended to include
beir-PLAIN-570,naive_dense_only,animal studies,open_book_qa,0.733,0.029,1.000,Interest has increased in the possibility that maternal dietary intake during pregnancy might influence the development of allergic disorders in children. The present prospective study examined the as
beir-PLAIN-570,standard_hybrid,animal studies,open_book_qa,1.000,0.029,1.000,Obesity-induced insulin resistance has been suggested to be a systemic inflammatory condition with activation of the innate immune system. Animal studies indicate that certain dietary fibers such as (
beir-PLAIN-570,standard_no_rerank,animal studies,open_book_qa,0.400,0.029,1.000,Interest has increased in the possibility that maternal dietary intake during pregnancy might influence the development of allergic disorders in children. The present prospective study examined the as
beir-PLAIN-582,naive_dense_only,antihistamines,open_book_qa,0.333,1.000,1.000,"Endocrine research in the 1930s increased and extended the use of sex hormones as medical therapies in an unprecedented way, especially for female ailments. In the 1950s the therapeutic use of sex hor"
beir-PLAIN-582,standard_hybrid,antihistamines,open_book_qa,0.333,1.000,1.000,"Endocrine research in the 1930s increased and extended the use of sex hormones as medical therapies in an unprecedented way, especially for female ailments. In the 1950s the therapeutic use of sex hor"
beir-PLAIN-582,standard_no_rerank,antihistamines,open_book_qa,0.333,1.000,1.000,"Endocrine research in the 1930s increased and extended the use of sex hormones as medical therapies in an unprecedented way, especially for female ailments. In the 1950s the therapeutic use of sex hor"
beir-PLAIN-592,naive_dense_only,apigen,open_book_qa,0.333,0.625,1.000,"Studies have shown that fisetin, a small phytochemical molecule, has antitumor activity; however, its antiangiogenic activity has not yet been examined. Accordingly, herein, we investigated the antian"
beir-PLAIN-592,standard_hybrid,apigen,open_book_qa,0.333,0.625,1.000,"Cancer metastasis refers to the spread of cancer cells from the primary neoplasm to distant sites, where secondary tumors are formed, and is the major cause of death from cancer. Natural phytochemical"
beir-PLAIN-592,standard_no_rerank,apigen,open_book_qa,0.333,0.625,1.000,"Studies have shown that fisetin, a small phytochemical molecule, has antitumor activity; however, its antiangiogenic activity has not yet been examined. Accordingly, herein, we investigated the antian"
beir-PLAIN-602,naive_dense_only,Aricept,open_book_qa,0.333,1.000,1.000,RATIONALE: There is increasing evidence to suggest the possible efficacy of Crocus sativus (saffron) in the management of Alzheimer's disease (AD). OBJECTIVE: The purpose of the present investigation 
beir-PLAIN-602,standard_hybrid,Aricept,open_book_qa,0.333,1.000,1.000,RATIONALE: There is increasing evidence to suggest the possible efficacy of Crocus sativus (saffron) in the management of Alzheimer's disease (AD). OBJECTIVE: The purpose of the present investigation 
beir-PLAIN-602,standard_no_rerank,Aricept,open_book_qa,0.333,1.000,1.000,RATIONALE: There is increasing evidence to suggest the possible efficacy of Crocus sativus (saffron) in the management of Alzheimer's disease (AD). OBJECTIVE: The purpose of the present investigation 
beir-PLAIN-612,naive_dense_only,asbestos,open_book_qa,0.333,1.000,1.000,Americans consume billions of hotdogs per year resulting in more than a billion dollars in retail sales. Package labels typically list some type of meat as the primary ingredient. The purpose of this 
beir-PLAIN-612,standard_hybrid,asbestos,open_book_qa,0.333,1.000,1.000,Americans consume billions of hotdogs per year resulting in more than a billion dollars in retail sales. Package labels typically list some type of meat as the primary ingredient. The purpose of this 
beir-PLAIN-612,standard_no_rerank,asbestos,open_book_qa,0.333,1.000,1.000,Americans consume billions of hotdogs per year resulting in more than a billion dollars in retail sales. Package labels typically list some type of meat as the primary ingredient. The purpose of this 
beir-PLAIN-622,naive_dense_only,Ativan,open_book_qa,0.333,0.833,1.000,"OBJECTIVE: Investigate the effects of lavender oil on the central nervous system, autonomic nervous system, and mood responses in humans after inhalation. MATERIAL AND METHOD: Twenty healthy volunteer"
beir-PLAIN-622,standard_hybrid,Ativan,open_book_qa,0.333,0.833,1.000,"There is widespread belief that the use of aromatherapy and massage in an intensive care environment offers a means of increasing the quality of sensory input that patients receive, as well as reducin"
beir-PLAIN-622,standard_no_rerank,Ativan,open_book_qa,0.333,0.833,1.000,"OBJECTIVE: Investigate the effects of lavender oil on the central nervous system, autonomic nervous system, and mood responses in humans after inhalation. MATERIAL AND METHOD: Twenty healthy volunteer"
beir-PLAIN-633,naive_dense_only,avocado oil,open_book_qa,1.000,1.000,1.000,"Four out of eight 'healthier' oils-namely, almond oil, avocado oil, hazelnut oil and macadamia nut oil-studied were rich sources of monounsaturated fatty acids like olive oil. Grape seed oil, rice bar"
beir-PLAIN-633,standard_hybrid,avocado oil,open_book_qa,1.000,1.000,1.000,"Four out of eight 'healthier' oils-namely, almond oil, avocado oil, hazelnut oil and macadamia nut oil-studied were rich sources of monounsaturated fatty acids like olive oil. Grape seed oil, rice bar"
beir-PLAIN-633,standard_no_rerank,avocado oil,open_book_qa,1.000,1.000,1.000,"Four out of eight 'healthier' oils-namely, almond oil, avocado oil, hazelnut oil and macadamia nut oil-studied were rich sources of monounsaturated fatty acids like olive oil. Grape seed oil, rice bar"
beir-PLAIN-644,naive_dense_only,bad breath,open_book_qa,0.333,0.625,1.000,Metabolomics studies hold promise for discovery of pathways linked to disease processes. Cardiovascular disease (CVD) represents the leading cause of death and morbidity worldwide. A metabolomics appr
beir-PLAIN-644,standard_hybrid,bad breath,open_book_qa,0.567,0.625,1.000,"Fish odour syndrome (trimethylaminuria) is a metabolic syndrome caused by abnormal excretion of trimethylamine in the breath, urine, sweat, saliva and vaginal secretions. Trimethylamine is derived fro"
beir-PLAIN-644,standard_no_rerank,bad breath,open_book_qa,0.333,0.625,1.000,Metabolomics studies hold promise for discovery of pathways linked to disease processes. Cardiovascular disease (CVD) represents the leading cause of death and morbidity worldwide. A metabolomics appr
beir-PLAIN-656,naive_dense_only,Barrett's esophagus,open_book_qa,0.333,1.000,1.000,"A myriad of health claims are being made in favor of the consumption of green tea. However, mostly due to the easy availability and greater than ever popularity of highly concentrated green tea extrac"
beir-PLAIN-656,standard_hybrid,Barrett's esophagus,open_book_qa,0.333,1.000,1.000,"A myriad of health claims are being made in favor of the consumption of green tea. However, mostly due to the easy availability and greater than ever popularity of highly concentrated green tea extrac"
beir-PLAIN-656,standard_no_rerank,Barrett's esophagus,open_book_qa,0.333,1.000,1.000,"A myriad of health claims are being made in favor of the consumption of green tea. However, mostly due to the easy availability and greater than ever popularity of highly concentrated green tea extrac"
beir-PLAIN-670,naive_dense_only,bell peppers,open_book_qa,0.333,0.135,1.000,"Compared with other industrialized countries, the lower incidence of chronic-degenerative disorders in Mediterranean populations has been emphasized in recent decades. The health-promoting effects ari"
beir-PLAIN-670,standard_hybrid,bell peppers,open_book_qa,0.800,0.135,1.000,"An analytical method was developed for the simultaneous quantification of serotonin, melatonin, trans- and cis-piceid, and trans- and cis-resveratrol using reversed-phase high performance liquid chrom"
beir-PLAIN-670,standard_no_rerank,bell peppers,open_book_qa,0.333,0.135,1.000,"Compared with other industrialized countries, the lower incidence of chronic-degenerative disorders in Mediterranean populations has been emphasized in recent decades. The health-promoting effects ari"
beir-PLAIN-680,naive_dense_only,beta-carboline alkaloids,open_book_qa,0.511,0.333,1.000,"Essential tremor (ET) is among the more prevalent neurological disorders, yet prevalence estimates have varied enormously, making it difficult to establish prevalence with precision. We: (1) reviewed "
beir-PLAIN-680,standard_hybrid,beta-carboline alkaloids,open_book_qa,1.000,0.333,1.000,"Norharman and harman are two heterocyclic beta-carboline (9H-pyrido[3,4-b]indole) alkaloids with biological and potential toxicological activity that appear in foodstuffs and environmental sources. To"
beir-PLAIN-680,standard_no_rerank,beta-carboline alkaloids,open_book_qa,0.511,0.333,1.000,"Essential tremor (ET) is among the more prevalent neurological disorders, yet prevalence estimates have varied enormously, making it difficult to establish prevalence with precision. We: (1) reviewed "
beir-PLAIN-690,naive_dense_only,bio identical hormones,open_book_qa,0.511,0.833,1.000,"Although improvement in long-term health is no longer an indication for menopausal hormone therapy, evidence supporting fewer adverse events in younger women, combined with its high overall effectiven"
beir-PLAIN-690,standard_hybrid,bio identical hormones,open_book_qa,0.511,0.833,1.000,"Although improvement in long-term health is no longer an indication for menopausal hormone therapy, evidence supporting fewer adverse events in younger women, combined with its high overall effectiven"
beir-PLAIN-690,standard_no_rerank,bio identical hormones,open_book_qa,0.511,0.833,1.000,"Although improvement in long-term health is no longer an indication for menopausal hormone therapy, evidence supporting fewer adverse events in younger women, combined with its high overall effectiven"
beir-PLAIN-700,naive_dense_only,black beans,open_book_qa,0.867,0.417,1.000,"Background Around the world, beans and rice are commonly consumed together as a meal. With type 2 diabetes increasing, the effect of this traditional diet pattern on glycemic response has not been stu"
beir-PLAIN-700,standard_hybrid,black beans,open_book_qa,1.000,0.417,1.000,"Background Around the world, beans and rice are commonly consumed together as a meal. With type 2 diabetes increasing, the effect of this traditional diet pattern on glycemic response has not been stu"
beir-PLAIN-700,standard_no_rerank,black beans,open_book_qa,0.867,0.417,1.000,"Background Around the world, beans and rice are commonly consumed together as a meal. With type 2 diabetes increasing, the effect of this traditional diet pattern on glycemic response has not been stu"
beir-PLAIN-710,naive_dense_only,blood cancer,open_book_qa,1.000,0.111,1.000,"Inositol hexaphosphate (InsP6 or IP6) is ubiquitous. At 10 microM to 1 mM concentrations, IP6 and its lower phosphorylated forms (IP(1-5)) as well as inositol (Ins) are contained in most mammalian cel"
beir-PLAIN-710,standard_hybrid,blood cancer,open_book_qa,1.000,0.111,1.000,"Background Prospective, randomized, pilot clinical study was conducted to evaluate the beneficial effects of inositol hexaphosphate (IP6) + Inositol in breast cancer patients treated with adjuvant the"
beir-PLAIN-710,standard_no_rerank,blood cancer,open_book_qa,0.833,0.111,1.000,"Inositol hexaphosphate (InsP6 or IP6) is ubiquitous. At 10 microM to 1 mM concentrations, IP6 and its lower phosphorylated forms (IP(1-5)) as well as inositol (Ins) are contained in most mammalian cel"
beir-PLAIN-720,naive_dense_only,bluefish,open_book_qa,0.333,1.000,1.000,"Background: There have been conflicting reported associations between dietary factors and incident atrial fibrillation (AF). Objective: We evaluated associations between consumption of alcohol, caffei"
beir-PLAIN-720,standard_hybrid,bluefish,open_book_qa,0.333,1.000,1.000,"Background: There have been conflicting reported associations between dietary factors and incident atrial fibrillation (AF). Objective: We evaluated associations between consumption of alcohol, caffei"
beir-PLAIN-720,standard_no_rerank,bluefish,open_book_qa,0.333,1.000,1.000,"Background: There have been conflicting reported associations between dietary factors and incident atrial fibrillation (AF). Objective: We evaluated associations between consumption of alcohol, caffei"
beir-PLAIN-730,naive_dense_only,bone cancer,open_book_qa,0.700,0.250,1.000,Metabolomics studies hold promise for discovery of pathways linked to disease processes. Cardiovascular disease (CVD) represents the leading cause of death and morbidity worldwide. A metabolomics appr
beir-PLAIN-730,standard_hybrid,bone cancer,open_book_qa,1.000,0.250,1.000,"Bone, as well as liver and lung, is one of the most preferential metastatic target sites for cancers including breast, prostate, and lung cancers and the consequences are always devastating. Like othe"
beir-PLAIN-730,standard_no_rerank,bone cancer,open_book_qa,0.700,0.250,1.000,Metabolomics studies hold promise for discovery of pathways linked to disease processes. Cardiovascular disease (CVD) represents the leading cause of death and morbidity worldwide. A metabolomics appr
beir-PLAIN-740,naive_dense_only,BPA,open_book_qa,0.917,1.000,1.000,The adverse effect of bisphenol-A (BPA) on the male reproductive system observed in animal studies has not been well examined in human populations. BPA is potentially a serious public health problem b
beir-PLAIN-740,standard_hybrid,BPA,open_book_qa,0.917,1.000,1.000,The adverse effect of bisphenol-A (BPA) on the male reproductive system observed in animal studies has not been well examined in human populations. BPA is potentially a serious public health problem b
beir-PLAIN-740,standard_no_rerank,BPA,open_book_qa,0.917,1.000,1.000,The adverse effect of bisphenol-A (BPA) on the male reproductive system observed in animal studies has not been well examined in human populations. BPA is potentially a serious public health problem b
beir-PLAIN-750,naive_dense_only,brazil nuts,open_book_qa,0.767,0.500,1.000,"Previous investigations, of adolescent diet recalled in adulthood, found lower risk for benign breast disease (BBD) with higher intakes of vegetable fat and nuts during high school. We investigate whe"
beir-PLAIN-750,standard_hybrid,brazil nuts,open_book_qa,0.833,0.500,1.000,"Previous investigations, of adolescent diet recalled in adulthood, found lower risk for benign breast disease (BBD) with higher intakes of vegetable fat and nuts during high school. We investigate whe"
beir-PLAIN-750,standard_no_rerank,brazil nuts,open_book_qa,0.767,0.500,1.000,"Previous investigations, of adolescent diet recalled in adulthood, found lower risk for benign breast disease (BBD) with higher intakes of vegetable fat and nuts during high school. We investigate whe"
beir-PLAIN-760,naive_dense_only,breast milk,open_book_qa,0.867,0.066,1.000,"Alkylphenols are widely used as plastic additives and surfactants. We report the identification of an alkylphenol, nonylphenol, as an estrogenic substance released from plastic centrifuge tubes. This "
beir-PLAIN-760,standard_hybrid,breast milk,open_book_qa,1.000,0.066,1.000,The need for a dietary supply of docosahexaenoic acid (DHA) and arachidonic aid (AA) in term infants was evaluated in a double-masked randomized clinical trial of the effects of supplementation of ter
beir-PLAIN-760,standard_no_rerank,breast milk,open_book_qa,0.867,0.066,1.000,"Alkylphenols are widely used as plastic additives and surfactants. We report the identification of an alkylphenol, nonylphenol, as an estrogenic substance released from plastic centrifuge tubes. This "
beir-PLAIN-770,naive_dense_only,Broccomax,open_book_qa,0.333,0.714,1.000,"BACKGROUND/OBJECTIVES: In vitro and animal studies have reported that young broccoli sprouts improve oxidative stress status in diabetic condition. The objective of this double-blind, placebo-controll"
beir-PLAIN-770,standard_hybrid,Broccomax,open_book_qa,0.333,0.714,1.000,"BACKGROUND/OBJECTIVES: In vitro and animal studies have reported that young broccoli sprouts improve oxidative stress status in diabetic condition. The objective of this double-blind, placebo-controll"
beir-PLAIN-770,standard_no_rerank,Broccomax,open_book_qa,0.333,0.714,1.000,"BACKGROUND/OBJECTIVES: In vitro and animal studies have reported that young broccoli sprouts improve oxidative stress status in diabetic condition. The objective of this double-blind, placebo-controll"
beir-PLAIN-781,naive_dense_only,burritos,open_book_qa,0.333,1.000,1.000,"OBJECTIVE: To determine effects of daily intake of 1/2 cup pinto beans, black-eyed peas or carrots (placebo) on risk factors for coronary heart disease (CHD) and diabetes mellitus (DM) in free-living,"
beir-PLAIN-781,standard_hybrid,burritos,open_book_qa,0.333,1.000,1.000,"OBJECTIVE: To determine effects of daily intake of 1/2 cup pinto beans, black-eyed peas or carrots (placebo) on risk factors for coronary heart disease (CHD) and diabetes mellitus (DM) in free-living,"
beir-PLAIN-781,standard_no_rerank,burritos,open_book_qa,0.333,1.000,1.000,"OBJECTIVE: To determine effects of daily intake of 1/2 cup pinto beans, black-eyed peas or carrots (placebo) on risk factors for coronary heart disease (CHD) and diabetes mellitus (DM) in free-living,"
beir-PLAIN-791,naive_dense_only,cabbage,open_book_qa,0.333,0.043,1.000,"Over the last several years, new evidence has kept pouring in about the remarkable effect of caloric restriction (CR) on the conspicuous bedfellows- aging and cancer. Through the use of various animal"
beir-PLAIN-791,standard_hybrid,cabbage,open_book_qa,1.000,0.043,1.000,"Sulforaphane [1-isothiocyanate-(4R)-(methylsulfinyl)butane] is a natural dietary isothiocyanate produced by the enzymatic action of the myrosinase on glucopharanin, a 4-methylsulfinylbutyl glucosinola"
beir-PLAIN-791,standard_no_rerank,cabbage,open_book_qa,0.333,0.043,1.000,"Over the last several years, new evidence has kept pouring in about the remarkable effect of caloric restriction (CR) on the conspicuous bedfellows- aging and cancer. Through the use of various animal"
beir-PLAIN-805,naive_dense_only,California Raison Marketing Board,open_book_qa,0.333,0.833,1.000,"Snacks are an important part of children's dietary intake, but the role of dried fruit on energy intake in children is unknown. Therefore, the effect of ad libitum consumption of an after-school snack"
beir-PLAIN-805,standard_hybrid,California Raison Marketing Board,open_book_qa,0.333,0.833,1.000,"Snacks are an important part of children's dietary intake, but the role of dried fruit on energy intake in children is unknown. Therefore, the effect of ad libitum consumption of an after-school snack"
beir-PLAIN-805,standard_no_rerank,California Raison Marketing Board,open_book_qa,0.333,0.833,1.000,"Snacks are an important part of children's dietary intake, but the role of dried fruit on energy intake in children is unknown. Therefore, the effect of ad libitum consumption of an after-school snack"
beir-PLAIN-816,naive_dense_only,candy,open_book_qa,0.333,0.050,1.000,"Background: A Step I diet with lean beef compared with lean white meat both decrease LDL cholesterol. To our knowledge, no studies have evaluated a low–saturated fatty acid (SFA) (<7% calories) diet t"
beir-PLAIN-816,standard_hybrid,candy,open_book_qa,0.800,0.050,1.000,"To determine whether realistic snacks containing added sugar evoke excessive insulin responses, 10 healthy subjects consumed four different snack meals, similar in fat and total energy content. Two sn"
beir-PLAIN-816,standard_no_rerank,candy,open_book_qa,0.333,0.050,1.000,"Background: A Step I diet with lean beef compared with lean white meat both decrease LDL cholesterol. To our knowledge, no studies have evaluated a low–saturated fatty acid (SFA) (<7% calories) diet t"
beir-PLAIN-826,naive_dense_only,carboxy-methyl cellulose,open_book_qa,0.333,0.556,1.000,"Crohn's disease (CD) is associated with intestinal dysbiosis evidenced by an altered microbiome forming thick biofilms on the epithelium. Additionally, adherent-invasive E. coli (AIEC) strains are fre"
beir-PLAIN-826,standard_hybrid,carboxy-methyl cellulose,open_book_qa,0.333,0.556,1.000,"Crohn's disease (CD) is associated with intestinal dysbiosis evidenced by an altered microbiome forming thick biofilms on the epithelium. Additionally, adherent-invasive E. coli (AIEC) strains are fre"
beir-PLAIN-826,standard_no_rerank,carboxy-methyl cellulose,open_book_qa,0.333,0.556,1.000,"Crohn's disease (CD) is associated with intestinal dysbiosis evidenced by an altered microbiome forming thick biofilms on the epithelium. Additionally, adherent-invasive E. coli (AIEC) strains are fre"
beir-PLAIN-837,naive_dense_only,carotid arteries,open_book_qa,0.722,1.000,1.000,"BACKGROUND: Increasingly the potential harm from high cholesterol intake, and specifically from egg yolks, is considered insignificant. We therefore assessed total plaque area (TPA) in patients attend"
beir-PLAIN-837,standard_hybrid,carotid arteries,open_book_qa,0.722,1.000,1.000,"BACKGROUND: Increasingly the potential harm from high cholesterol intake, and specifically from egg yolks, is considered insignificant. We therefore assessed total plaque area (TPA) in patients attend"
beir-PLAIN-837,standard_no_rerank,carotid arteries,open_book_qa,0.722,1.000,1.000,"BACKGROUND: Increasingly the potential harm from high cholesterol intake, and specifically from egg yolks, is considered insignificant. We therefore assessed total plaque area (TPA) in patients attend"
beir-PLAIN-848,naive_dense_only,cats,open_book_qa,0.333,0.192,1.000,"Urticaria, defined by the presence of wheals and/or angio-edema, is a common condition in children, prompting parents to consult physicians. For its successful management, paediatric-specific features"
beir-PLAIN-848,standard_hybrid,cats,open_book_qa,0.867,0.192,1.000,"OBJECTIVES: To investigate the effect of dog and cat contacts on the frequency of respiratory symptoms and infections during the first year of life. METHODS: In this birth cohort study, 397 children w"
beir-PLAIN-848,standard_no_rerank,cats,open_book_qa,0.333,0.192,1.000,"Urticaria, defined by the presence of wheals and/or angio-edema, is a common condition in children, prompting parents to consult physicians. For its successful management, paediatric-specific features"
beir-PLAIN-859,naive_dense_only,cellulite,open_book_qa,0.733,0.625,1.000,"Aims The aim of this study was to compare the effects of calorie-restricted vegetarian and conventional diabetic diets alone and in combination with exercise on insulin resistance, visceral fat and ox"
beir-PLAIN-859,standard_hybrid,cellulite,open_book_qa,0.867,0.625,1.000,"Most of adult women exhibit cellulite on the hips, buttock and thighs. Although extracellular matrix and lymphatic system disorders can increase its appearance, cellulite basically results from an exc"
beir-PLAIN-859,standard_no_rerank,cellulite,open_book_qa,0.733,0.625,1.000,"Aims The aim of this study was to compare the effects of calorie-restricted vegetarian and conventional diabetic diets alone and in combination with exercise on insulin resistance, visceral fat and ox"
beir-PLAIN-871,naive_dense_only,champagne grapes,open_book_qa,0.333,1.000,1.000,"Background Raisins are a significant source of dietary fiber and polyphenols, which may reduce cardiovascular disease (CVD) risk by affecting lipoprotein metabolism and inflammation. Walking represent"
beir-PLAIN-871,standard_hybrid,champagne grapes,open_book_qa,0.333,1.000,1.000,"Background Raisins are a significant source of dietary fiber and polyphenols, which may reduce cardiovascular disease (CVD) risk by affecting lipoprotein metabolism and inflammation. Walking represent"
beir-PLAIN-871,standard_no_rerank,champagne grapes,open_book_qa,0.333,1.000,1.000,"Background Raisins are a significant source of dietary fiber and polyphenols, which may reduce cardiovascular disease (CVD) risk by affecting lipoprotein metabolism and inflammation. Walking represent"
beir-PLAIN-881,naive_dense_only,chemotherapy,open_book_qa,0.800,0.020,1.000,Introduction Matrix metalloproteinases (MMPs) have repeatedly been shown to play a very active role in extracellular matrix degradation associated with tumor invasion and metastasis. Tissue inhibitors
beir-PLAIN-881,standard_hybrid,chemotherapy,open_book_qa,1.000,0.020,1.000,Background: This study is aimed at determining the efficacy of Mentha spicata (M. spicata) and Mentha × piperita (M. × piperita) in preventing chemotherapy-induced nausea and vomiting (CINV). Methods:
beir-PLAIN-881,standard_no_rerank,chemotherapy,open_book_qa,0.800,0.020,1.000,Introduction Matrix metalloproteinases (MMPs) have repeatedly been shown to play a very active role in extracellular matrix degradation associated with tumor invasion and metastasis. Tissue inhibitors
beir-PLAIN-891,naive_dense_only,chicken embryo lethal orphan virus,open_book_qa,0.600,0.333,1.000,Background Several studies have shown that Adenovirus 36 (Ad36) influences the risk of obesity in humans. Clarifying the relationship between Ad36 infection and obesity could lead to more effective ap
beir-PLAIN-891,standard_hybrid,chicken embryo lethal orphan virus,open_book_qa,0.800,0.333,1.000,We previously reported that chickens infected with the avian adenovirus SMAM-1 developed a unique syndrome characterized by excessive intra-abdominal fat deposition accompanied by paradoxically low se
beir-PLAIN-891,standard_no_rerank,chicken embryo lethal orphan virus,open_book_qa,0.533,0.333,1.000,Background Several studies have shown that Adenovirus 36 (Ad36) influences the risk of obesity in humans. Clarifying the relationship between Ad36 infection and obesity could lead to more effective ap
beir-PLAIN-901,naive_dense_only,chlorination,open_book_qa,0.333,0.556,1.000,"Due to the increased demand and consumption of bottled water in the United States, there has been a growing concern about the quality of this product. Retail outlets sell local as well as imported bot"
beir-PLAIN-901,standard_hybrid,chlorination,open_book_qa,0.333,0.556,1.000,"Due to the increased demand and consumption of bottled water in the United States, there has been a growing concern about the quality of this product. Retail outlets sell local as well as imported bot"
beir-PLAIN-901,standard_no_rerank,chlorination,open_book_qa,0.333,0.556,1.000,"Due to the increased demand and consumption of bottled water in the United States, there has been a growing concern about the quality of this product. Retail outlets sell local as well as imported bot"
beir-PLAIN-912,naive_dense_only,cilantro,open_book_qa,0.833,1.000,1.000,Most ethnic foods and cooking practices have incorporated the use of spices and other food additives. Many common spices have crossed cultural boundaries and appear in multiple ethnic cuisines. Recent
beir-PLAIN-912,standard_hybrid,cilantro,open_book_qa,0.833,1.000,1.000,Most ethnic foods and cooking practices have incorporated the use of spices and other food additives. Many common spices have crossed cultural boundaries and appear in multiple ethnic cuisines. Recent
beir-PLAIN-912,standard_no_rerank,cilantro,open_book_qa,0.833,1.000,1.000,Most ethnic foods and cooking practices have incorporated the use of spices and other food additives. Many common spices have crossed cultural boundaries and appear in multiple ethnic cuisines. Recent
beir-PLAIN-923,naive_dense_only,Coca-Cola,open_book_qa,0.333,0.039,1.000,"The effect of dietary protein on the level of plasma cholesterol in young, healthy, normolipidemic women was investigated in two separate studies by feeding either a conventional diet containing mixed"
beir-PLAIN-923,standard_hybrid,Coca-Cola,open_book_qa,0.933,0.039,1.000,Our laboratory recently reported that a 3-month exposure of rats to cola-like beverages induced sex hormone changes. The aim of the study was to investigate the effects of various types of Coca-cola i
beir-PLAIN-923,standard_no_rerank,Coca-Cola,open_book_qa,0.333,0.039,1.000,"The effect of dietary protein on the level of plasma cholesterol in young, healthy, normolipidemic women was investigated in two separate studies by feeding either a conventional diet containing mixed"
beir-PLAIN-933,naive_dense_only,cod liver oil,open_book_qa,0.578,0.125,1.000,"Alkylphenols are widely used as plastic additives and surfactants. We report the identification of an alkylphenol, nonylphenol, as an estrogenic substance released from plastic centrifuge tubes. This "
beir-PLAIN-933,standard_hybrid,cod liver oil,open_book_qa,1.000,0.125,1.000,"BACKGROUND: Cod liver oil is an important source of vitamin D, but also contains other fat-soluble components such as vitamin A. Before 1999, the cod liver oil formula in Norway contained a high conce"
beir-PLAIN-933,standard_no_rerank,cod liver oil,open_book_qa,0.578,0.125,1.000,"Alkylphenols are widely used as plastic additives and surfactants. We report the identification of an alkylphenol, nonylphenol, as an estrogenic substance released from plastic centrifuge tubes. This "
beir-PLAIN-945,naive_dense_only,colon health,open_book_qa,0.867,0.016,1.000,Introduction Matrix metalloproteinases (MMPs) have repeatedly been shown to play a very active role in extracellular matrix degradation associated with tumor invasion and metastasis. Tissue inhibitors
beir-PLAIN-945,standard_hybrid,colon health,open_book_qa,1.000,0.016,1.000,Background: Epidemiologic studies have suggested that most cases of sporadic colon cancer can be attributed to diet. The recognition that colonic microbiota have a major influence on colonic health su
beir-PLAIN-945,standard_no_rerank,colon health,open_book_qa,0.700,0.016,1.000,Introduction Matrix metalloproteinases (MMPs) have repeatedly been shown to play a very active role in extracellular matrix degradation associated with tumor invasion and metastasis. Tissue inhibitors
beir-PLAIN-955,naive_dense_only,cookies,open_book_qa,0.733,0.135,1.000,"Background: Strategies are needed to increase children's intake of a variety of vegetables, including vegetables that are not well liked. Objective: We investigated whether incorporating puréed vegeta"
beir-PLAIN-955,standard_hybrid,cookies,open_book_qa,0.800,0.135,1.000,"Snacks are an important part of children's dietary intake, but the role of dried fruit on energy intake in children is unknown. Therefore, the effect of ad libitum consumption of an after-school snack"
beir-PLAIN-955,standard_no_rerank,cookies,open_book_qa,0.400,0.135,1.000,"Background: Strategies are needed to increase children's intake of a variety of vegetables, including vegetables that are not well liked. Objective: We investigated whether incorporating puréed vegeta"
beir-PLAIN-965,naive_dense_only,Cornell,open_book_qa,0.333,0.714,1.000,The Ethiopian Field Epidemiology and Laboratory Training Program (EFELTP) is a comprehensive two-year competency-based training and service program designed to build sustainable public health expertis
beir-PLAIN-965,standard_hybrid,Cornell,open_book_qa,0.333,0.714,1.000,"In a prospective, randomised, controlled trial to determine whether comprehensive lifestyle changes affect coronary atherosclerosis after 1 year, 28 patients were assigned to an experimental group (lo"
beir-PLAIN-965,standard_no_rerank,Cornell,open_book_qa,0.333,0.714,1.000,The Ethiopian Field Epidemiology and Laboratory Training Program (EFELTP) is a comprehensive two-year competency-based training and service program designed to build sustainable public health expertis
beir-PLAIN-976,naive_dense_only,cretinism,open_book_qa,0.750,1.000,1.000,Consuming an adequate amount of iodine during pregnancy is critical for fetal neurologic development. Even a mild deficiency can impair cognitive ability. Important sources of iodine in the United Sta
beir-PLAIN-976,standard_hybrid,cretinism,open_book_qa,0.750,1.000,1.000,"Endemic cretinism includes two syndromes: a more common neurological disorder with brain damage, deaf mutism, squint and spastic paresis of the legs and a less common syndrome of severe hypothyroidism"
beir-PLAIN-976,standard_no_rerank,cretinism,open_book_qa,0.417,1.000,1.000,Consuming an adequate amount of iodine during pregnancy is critical for fetal neurologic development. Even a mild deficiency can impair cognitive ability. Important sources of iodine in the United Sta
beir-PLAIN-986,naive_dense_only,cucumbers,open_book_qa,0.333,0.192,1.000,OBJECTIVE: Determine 1) if consumption of a meal of different fruits or berries increases plasma hydrophilic (H-) or lipophilic (L-) antioxidant capacity (AOC) measured as Oxygen Radical Absorbance Ca
beir-PLAIN-986,standard_hybrid,cucumbers,open_book_qa,0.333,0.192,1.000,The mammalian target of rapamycin (mTOR) is a conserved protein kinase involved in a multitude of cellular processes including cell growth. Increased mTOR activation is observed in multiple human canc
beir-PLAIN-986,standard_no_rerank,cucumbers,open_book_qa,0.333,0.192,1.000,OBJECTIVE: Determine 1) if consumption of a meal of different fruits or berries increases plasma hydrophilic (H-) or lipophilic (L-) antioxidant capacity (AOC) measured as Oxygen Radical Absorbance Ca
beir-PLAIN-996,naive_dense_only,cytoskeleton,open_book_qa,0.333,1.000,1.000,Avocados have a high content of phytochemicals with potential chemopreventive activity. Previously we reported that phytochemicals extracted from avocado meat into a chloroform partition (D003) select
beir-PLAIN-996,standard_hybrid,cytoskeleton,open_book_qa,0.333,1.000,1.000,Avocados have a high content of phytochemicals with potential chemopreventive activity. Previously we reported that phytochemicals extracted from avocado meat into a chloroform partition (D003) select
beir-PLAIN-996,standard_no_rerank,cytoskeleton,open_book_qa,0.333,1.000,1.000,Avocados have a high content of phytochemicals with potential chemopreventive activity. Previously we reported that phytochemicals extracted from avocado meat into a chloroform partition (D003) select
beir-PLAIN-1007,naive_dense_only,DDT,open_book_qa,0.333,0.070,1.000,"Background In the absence of current cumulative dietary exposure assessments, this analysis was conducted to estimate exposure to multiple dietary contaminants for children, who are more vulnerable to"
beir-PLAIN-1007,standard_hybrid,DDT,open_book_qa,1.000,0.070,1.000,In 1997 this laboratory initiated a research program with the objective of examining the effect that rinsing of produce with tap water would have on pesticide residues. Samples were obtained from loca
beir-PLAIN-1007,standard_no_rerank,DDT,open_book_qa,0.333,0.070,1.000,"Background In the absence of current cumulative dietary exposure assessments, this analysis was conducted to estimate exposure to multiple dietary contaminants for children, who are more vulnerable to"
beir-PLAIN-1017,naive_dense_only,detoxification,open_book_qa,0.333,0.075,1.000,"OBJECTIVE The evidence on the association between fish consumption, dietary long-chain n-3 fatty acids, and risk of type 2 diabetes is inconsistent. We therefore performed a systematic review and meta"
beir-PLAIN-1017,standard_hybrid,detoxification,open_book_qa,0.800,0.075,1.000,"The Gerson regimen, developed by Max Gerson in the 1930s, is promoted as an alternative cancer treatment. It involves consuming fresh, raw fruit and vegetable juices, eliminating salt from the diet, t"
beir-PLAIN-1017,standard_no_rerank,detoxification,open_book_qa,0.333,0.075,1.000,"OBJECTIVE The evidence on the association between fish consumption, dietary long-chain n-3 fatty acids, and risk of type 2 diabetes is inconsistent. We therefore performed a systematic review and meta"
beir-PLAIN-1027,naive_dense_only,dietary guidelines,open_book_qa,0.800,0.041,1.000,Many of the commonest diseases in the economically more developed communities are characteristic of modern Western culture. Evidence is presented suggesting that they represent a failure of adaptation
beir-PLAIN-1027,standard_hybrid,dietary guidelines,open_book_qa,1.000,0.041,1.000,"Although consumers say they are concerned about nutrition and are aware that eating a healthful diet is important for good health, this knowledge does not always translate into healthful diet behavior"
beir-PLAIN-1027,standard_no_rerank,dietary guidelines,open_book_qa,0.800,0.041,1.000,Many of the commonest diseases in the economically more developed communities are characteristic of modern Western culture. Evidence is presented suggesting that they represent a failure of adaptation
beir-PLAIN-1038,naive_dense_only,dogs,open_book_qa,0.733,0.167,1.000,"Methionine is an essential amino acid with many key roles in mammalian metabolism such as protein synthesis, methylation of DNA and polyamine synthesis. Restriction of methionine may be an important s"
beir-PLAIN-1038,standard_hybrid,dogs,open_book_qa,1.000,0.167,1.000,"Objective To determine whether dogs can be trained to identify people with bladder cancer on the basis of urine odour more successfully than would be expected by chance alone. Design Experimental, “pr"
beir-PLAIN-1038,standard_no_rerank,dogs,open_book_qa,0.400,0.167,1.000,"Methionine is an essential amino acid with many key roles in mammalian metabolism such as protein synthesis, methylation of DNA and polyamine synthesis. Restriction of methionine may be an important s"
beir-PLAIN-1049,naive_dense_only,Dr. David Spence,open_book_qa,0.333,1.000,1.000,A widespread misconception has been developing among the Canadian public and among physicians. It is increasingly believed that consumption of dietary cholesterol and egg yolks is harmless. There are 
beir-PLAIN-1049,standard_hybrid,Dr. David Spence,open_book_qa,0.333,1.000,1.000,A widespread misconception has been developing among the Canadian public and among physicians. It is increasingly believed that consumption of dietary cholesterol and egg yolks is harmless. There are 
beir-PLAIN-1049,standard_no_rerank,Dr. David Spence,open_book_qa,0.333,1.000,1.000,A widespread misconception has been developing among the Canadian public and among physicians. It is increasingly believed that consumption of dietary cholesterol and egg yolks is harmless. There are 
beir-PLAIN-1065,naive_dense_only,Dr. Walter Kempner,open_book_qa,0.333,0.556,1.000,Summary Background Quantification of the disease burden caused by different risks informs prevention by providing an account of health loss different to that provided by a disease-by-disease analysis.
beir-PLAIN-1065,standard_hybrid,Dr. Walter Kempner,open_book_qa,0.333,0.556,1.000,"Moses Maimonides (1135-1204), physician and philosopher, was the greatest Jewish thinker of the Middle Ages. Faced with a life of persecution, exile, and tragedy, Maimonides overcame obstacles to beco"
beir-PLAIN-1065,standard_no_rerank,Dr. Walter Kempner,open_book_qa,0.333,0.556,1.000,Summary Background Quantification of the disease burden caused by different risks informs prevention by providing an account of health loss different to that provided by a disease-by-disease analysis.
beir-PLAIN-1077,naive_dense_only,dulse,open_book_qa,0.333,0.500,1.000,"Incidence of the metabolic syndrome is increasing worldwide, with notable exceptions of some Asian countries where seaweeds are commonly consumed. 13 men (mean age 47.4+/-9.9 yr) and 14 women (average"
beir-PLAIN-1077,standard_hybrid,dulse,open_book_qa,0.333,0.500,1.000,"As modern lifestyles and new feeding habits settle in the world, noncommunicable diseases (NCDs) have evolved to be major causes of disability in developing as well as developed countries. As a concom"
beir-PLAIN-1077,standard_no_rerank,dulse,open_book_qa,0.333,0.500,1.000,"Incidence of the metabolic syndrome is increasing worldwide, with notable exceptions of some Asian countries where seaweeds are commonly consumed. 13 men (mean age 47.4+/-9.9 yr) and 14 women (average"
beir-PLAIN-1087,naive_dense_only,Easter Island,open_book_qa,0.333,0.556,1.000,"Over the last several years, new evidence has kept pouring in about the remarkable effect of caloric restriction (CR) on the conspicuous bedfellows- aging and cancer. Through the use of various animal"
beir-PLAIN-1087,standard_hybrid,Easter Island,open_book_qa,0.733,0.556,1.000,"A streptomycete was isolated from an Easter Island soil sample and found to inhibit Candida albicans, Microsporum gypseum and Trichophyton granulosum. The antibiotic-producing microorganism was charac"
beir-PLAIN-1087,standard_no_rerank,Easter Island,open_book_qa,0.333,0.556,1.000,"Over the last several years, new evidence has kept pouring in about the remarkable effect of caloric restriction (CR) on the conspicuous bedfellows- aging and cancer. Through the use of various animal"
beir-PLAIN-1097,naive_dense_only,Eggbeaters,open_book_qa,0.333,1.000,1.000,"Vegetarian diets are rich in antioxidant phytochemicals. However, they may not act as antioxidants in vivo, and yet still have important signaling and regulatory functions. Some may act as pro-oxidant"
beir-PLAIN-1097,standard_hybrid,Eggbeaters,open_book_qa,0.333,1.000,1.000,"Vegetarian diets are rich in antioxidant phytochemicals. However, they may not act as antioxidants in vivo, and yet still have important signaling and regulatory functions. Some may act as pro-oxidant"
beir-PLAIN-1097,standard_no_rerank,Eggbeaters,open_book_qa,0.333,1.000,1.000,"Vegetarian diets are rich in antioxidant phytochemicals. However, they may not act as antioxidants in vivo, and yet still have important signaling and regulatory functions. Some may act as pro-oxidant"
beir-PLAIN-1108,naive_dense_only,endocannabinoids,open_book_qa,0.333,1.000,1.000,"Among the many known health benefits of tea catechins count anti-inflammatory and neuroprotective activities, as well as effects on the regulation of food intake. Here we address cannabimimetic bioact"
beir-PLAIN-1108,standard_hybrid,endocannabinoids,open_book_qa,0.333,1.000,1.000,"Among the many known health benefits of tea catechins count anti-inflammatory and neuroprotective activities, as well as effects on the regulation of food intake. Here we address cannabimimetic bioact"
beir-PLAIN-1108,standard_no_rerank,endocannabinoids,open_book_qa,0.333,1.000,1.000,"Among the many known health benefits of tea catechins count anti-inflammatory and neuroprotective activities, as well as effects on the regulation of food intake. Here we address cannabimimetic bioact"
beir-PLAIN-1118,naive_dense_only,energy,open_book_qa,0.800,0.094,1.000,OBJECTIVE: Determine 1) if consumption of a meal of different fruits or berries increases plasma hydrophilic (H-) or lipophilic (L-) antioxidant capacity (AOC) measured as Oxygen Radical Absorbance Ca
beir-PLAIN-1118,standard_hybrid,energy,open_book_qa,1.000,0.094,1.000,OBJECTIVE: Determine 1) if consumption of a meal of different fruits or berries increases plasma hydrophilic (H-) or lipophilic (L-) antioxidant capacity (AOC) measured as Oxygen Radical Absorbance Ca
beir-PLAIN-1118,standard_no_rerank,energy,open_book_qa,0.800,0.094,1.000,OBJECTIVE: Determine 1) if consumption of a meal of different fruits or berries increases plasma hydrophilic (H-) or lipophilic (L-) antioxidant capacity (AOC) measured as Oxygen Radical Absorbance Ca
beir-PLAIN-1129,naive_dense_only,erectile dysfunction,open_book_qa,0.933,0.054,1.000,Lifestyle and nutrition have been increasingly recognized as central factors influencing vascular nitric oxide (NO) production and erectile function. This review underscores the importance of NO as th
beir-PLAIN-1129,standard_hybrid,erectile dysfunction,open_book_qa,1.000,0.054,1.000,"Aim: To review special safety topics associated with sildenafil and to document the tolerability of 50- and 100-mg doses, overall and by age, in men with erectile dysfunction (ED). Methods: Data were "
beir-PLAIN-1129,standard_no_rerank,erectile dysfunction,open_book_qa,0.933,0.054,1.000,Lifestyle and nutrition have been increasingly recognized as central factors influencing vascular nitric oxide (NO) production and erectile function. This review underscores the importance of NO as th
beir-PLAIN-1140,naive_dense_only,European Food Safety Authority,open_book_qa,0.483,0.714,1.000,"AIM: To systematically review data from different countries on population intakes of total fat, saturated fatty acids (SFA) and polyunsaturated fatty acids (PUFA), and to compare these to recommendati"
beir-PLAIN-1140,standard_hybrid,European Food Safety Authority,open_book_qa,0.483,0.714,1.000,"AIM: To systematically review data from different countries on population intakes of total fat, saturated fatty acids (SFA) and polyunsaturated fatty acids (PUFA), and to compare these to recommendati"
beir-PLAIN-1140,standard_no_rerank,European Food Safety Authority,open_book_qa,0.483,0.714,1.000,"AIM: To systematically review data from different countries on population intakes of total fat, saturated fatty acids (SFA) and polyunsaturated fatty acids (PUFA), and to compare these to recommendati"
beir-PLAIN-1150,naive_dense_only,eye parasites,open_book_qa,0.567,0.217,1.000,"Neurocysticercosis (NCC) is the most frequent parasitic disease of the human brain. Modern imaging studies, CT and MRI, have defined the diagnosis and characterization of the disease. Through these st"
beir-PLAIN-1150,standard_hybrid,eye parasites,open_book_qa,0.767,0.217,1.000,A method for culturing cysticerci that allows successful evagination and growth of scolexes from metacestodes of Taenia solium was used to study the survival of cysticerci subjected to low temperature
beir-PLAIN-1150,standard_no_rerank,eye parasites,open_book_qa,0.567,0.217,1.000,"Neurocysticercosis (NCC) is the most frequent parasitic disease of the human brain. Modern imaging studies, CT and MRI, have defined the diagnosis and characterization of the disease. Through these st"
beir-PLAIN-1160,naive_dense_only,fatty liver disease,open_book_qa,0.933,0.217,1.000,"Obesity has reached epidemic proportions in the developed world. The progression from obesity to diabetes mellitus type 2, via metabolic syndrome, is recognised, and the significant associated increas"
beir-PLAIN-1160,standard_hybrid,fatty liver disease,open_book_qa,1.000,0.217,1.000,The metabolic abnormalities of type 2 diabetes can be reversed reproducibly by bariatric surgery. By quantifying the major pathophysiological abnormalities in insulin secretion and insulin action afte
beir-PLAIN-1160,standard_no_rerank,fatty liver disease,open_book_qa,0.933,0.217,1.000,"Obesity has reached epidemic proportions in the developed world. The progression from obesity to diabetes mellitus type 2, via metabolic syndrome, is recognised, and the significant associated increas"
beir-PLAIN-1171,naive_dense_only,fennel,open_book_qa,0.333,1.000,1.000,"Artemisia dracunculus L. (tarragon) has a long history of use as a spice and remedy. Two well-described ""cultivars"" (Russian and French) are used widely and differ in ploidy level, morphology, and che"
beir-PLAIN-1171,standard_hybrid,fennel,open_book_qa,0.333,1.000,1.000,"Methylchavicol (CH(3)-CV), an important aromatic constituent of different plants like tarragon and basils, has been shown to be carcinogenic by a mechanism yet unclear, although it has been reported t"
beir-PLAIN-1171,standard_no_rerank,fennel,open_book_qa,0.333,1.000,1.000,"Artemisia dracunculus L. (tarragon) has a long history of use as a spice and remedy. Two well-described ""cultivars"" (Russian and French) are used widely and differ in ploidy level, morphology, and che"
beir-PLAIN-1181,naive_dense_only,figs,open_book_qa,0.333,0.625,1.000,BACKGROUND: The frequency of unhealthful snacking has increased dramatically over the last three decades. Fruits and nuts have been shown to have positive health effects. No study has investigated the
beir-PLAIN-1181,standard_hybrid,figs,open_book_qa,0.733,0.625,1.000,Background Figs are a rich source of soluble fiber. We evaluated the effect of consuming dried California Mission figs on serum lipids in hyperlipidemic adults. Methods In a crossover trial men and wo
beir-PLAIN-1181,standard_no_rerank,figs,open_book_qa,0.333,0.625,1.000,BACKGROUND: The frequency of unhealthful snacking has increased dramatically over the last three decades. Fruits and nuts have been shown to have positive health effects. No study has investigated the
beir-PLAIN-1192,naive_dense_only,flavonols,open_book_qa,0.800,0.385,1.000,Juice is the most common form in which cranberries are consumed; however there is limited information on the changes of polyphenolic content of the berries during juice processing. This study investig
beir-PLAIN-1192,standard_hybrid,flavonols,open_book_qa,0.800,0.385,1.000,Juice is the most common form in which cranberries are consumed; however there is limited information on the changes of polyphenolic content of the berries during juice processing. This study investig
beir-PLAIN-1192,standard_no_rerank,flavonols,open_book_qa,0.800,0.385,1.000,Juice is the most common form in which cranberries are consumed; however there is limited information on the changes of polyphenolic content of the berries during juice processing. This study investig
beir-PLAIN-1202,naive_dense_only,folate,open_book_qa,0.733,0.088,1.000,"A longstanding goal of dietary surveillance has been to estimate the proportion of the population with intakes above or below a target, such as a recommended level of intake. However, until now, stati"
beir-PLAIN-1202,standard_hybrid,folate,open_book_qa,1.000,0.088,1.000,"BACKGROUND: Several cross-sectional studies have focused on the low blood folate levels of depressive patients. Nevertheless, no prospective studies have been published on the association between diet"
beir-PLAIN-1202,standard_no_rerank,folate,open_book_qa,0.400,0.088,1.000,"A longstanding goal of dietary surveillance has been to estimate the proportion of the population with intakes above or below a target, such as a recommended level of intake. However, until now, stati"
beir-PLAIN-1213,naive_dense_only,formaldehyde,open_book_qa,0.333,1.000,1.000,"Background The risk of indoor exposure to volatile organic compounds (VOCs) on allergic airway diseases in children remains unknown. Objective We examined the residential concentrations of VOCs, emitt"
beir-PLAIN-1213,standard_hybrid,formaldehyde,open_book_qa,0.333,1.000,1.000,"Background The risk of indoor exposure to volatile organic compounds (VOCs) on allergic airway diseases in children remains unknown. Objective We examined the residential concentrations of VOCs, emitt"
beir-PLAIN-1213,standard_no_rerank,formaldehyde,open_book_qa,0.333,1.000,1.000,"Background The risk of indoor exposure to volatile organic compounds (VOCs) on allergic airway diseases in children remains unknown. Objective We examined the residential concentrations of VOCs, emitt"
beir-PLAIN-1224,naive_dense_only,fructans,open_book_qa,0.333,0.263,1.000,"A decade ago celiac disease was considered extremely rare outside Europe and, therefore, was almost completely ignored by health care professionals. In only 10 years, key milestones have moved celiac "
beir-PLAIN-1224,standard_hybrid,fructans,open_book_qa,0.333,0.263,1.000,"A decade ago celiac disease was considered extremely rare outside Europe and, therefore, was almost completely ignored by health care professionals. In only 10 years, key milestones have moved celiac "
beir-PLAIN-1224,standard_no_rerank,fructans,open_book_qa,0.333,0.263,1.000,"A decade ago celiac disease was considered extremely rare outside Europe and, therefore, was almost completely ignored by health care professionals. In only 10 years, key milestones have moved celiac "
beir-PLAIN-1235,naive_dense_only,galactose,open_book_qa,0.333,1.000,1.000,"Milk contains calcium, phosphorus, and protein and is fortified with vitamin D in the United States. All these ingredients may improve bone health. However, the potential benefit of milk on hip fractu"
beir-PLAIN-1235,standard_hybrid,galactose,open_book_qa,0.333,1.000,1.000,"Milk contains calcium, phosphorus, and protein and is fortified with vitamin D in the United States. All these ingredients may improve bone health. However, the potential benefit of milk on hip fractu"
beir-PLAIN-1235,standard_no_rerank,galactose,open_book_qa,0.333,1.000,1.000,"Milk contains calcium, phosphorus, and protein and is fortified with vitamin D in the United States. All these ingredients may improve bone health. However, the potential benefit of milk on hip fractu"
beir-PLAIN-1245,naive_dense_only,gastric emptying,open_book_qa,0.567,0.455,1.000,"Background: A high intake of white rice is associated with the metabolic syndrome and type 2 diabetes. Costa Ricans follow a staple dietary pattern that includes white rice and beans, yet the combined"
beir-PLAIN-1245,standard_hybrid,gastric emptying,open_book_qa,0.800,0.455,1.000,"OBJECTIVES: The aim of the study was to evaluate the possible influence of acetic acid (administered as vinegar) on the postprandial glucose and insulin responses, and the potential involvement of a m"
beir-PLAIN-1245,standard_no_rerank,gastric emptying,open_book_qa,0.567,0.455,1.000,"Background: A high intake of white rice is associated with the metabolic syndrome and type 2 diabetes. Costa Ricans follow a staple dietary pattern that includes white rice and beans, yet the combined"
beir-PLAIN-1261,naive_dense_only,glaucoma,open_book_qa,0.733,0.185,1.000,"Retinal pigment epithelium (RPE) cells are vital for retinal health. However, they are susceptible to injury with ageing and exposure to excessive light, including UV (100-380 nm) and visible (380-760"
beir-PLAIN-1261,standard_hybrid,glaucoma,open_book_qa,1.000,0.185,1.000,"AIM: To examine the influence of the black currant anthocyanins (BCACs) on the disease progression of open-angle glaucoma (OAG), a randomized, placebo-controlled, double-masked trial was made in 38 pa"
beir-PLAIN-1261,standard_no_rerank,glaucoma,open_book_qa,0.733,0.185,1.000,"Retinal pigment epithelium (RPE) cells are vital for retinal health. However, they are susceptible to injury with ageing and exposure to excessive light, including UV (100-380 nm) and visible (380-760"
beir-PLAIN-1273,naive_dense_only,goiter,open_book_qa,0.333,1.000,1.000,"It was previously reported that a methanol extract of Gloiopeltis furcata (MEGF), a kind of edible seaweed, inhibited the growth of several human cancer cell lines. In the present study, the effect of"
beir-PLAIN-1273,standard_hybrid,goiter,open_book_qa,0.333,1.000,1.000,"It was previously reported that a methanol extract of Gloiopeltis furcata (MEGF), a kind of edible seaweed, inhibited the growth of several human cancer cell lines. In the present study, the effect of"
beir-PLAIN-1273,standard_no_rerank,goiter,open_book_qa,0.333,1.000,1.000,"It was previously reported that a methanol extract of Gloiopeltis furcata (MEGF), a kind of edible seaweed, inhibited the growth of several human cancer cell lines. In the present study, the effect of"
beir-PLAIN-1287,naive_dense_only,grapefruit juice,open_book_qa,1.000,0.132,1.000,"Summary Grapefruit is a popular, tasty and nutritive fruit enjoyed globally. Biomedical evidence in the last 10 years has, however, shown that consumption of grapefruit or its juice is associated with"
beir-PLAIN-1287,standard_hybrid,grapefruit juice,open_book_qa,1.000,0.132,1.000,"Among all fruits tested in vitro for their anti-platelet property, tomato had the highest activity followed by grapefruit, melon, and strawberry, whereas pear and apple had little or no activity. Toma"
beir-PLAIN-1287,standard_no_rerank,grapefruit juice,open_book_qa,1.000,0.132,1.000,"Summary Grapefruit is a popular, tasty and nutritive fruit enjoyed globally. Biomedical evidence in the last 10 years has, however, shown that consumption of grapefruit or its juice is associated with"
beir-PLAIN-1298,naive_dense_only,grilling,open_book_qa,0.333,0.238,1.000,"There is growing interest in the potential health benefits of tea, including the antimutagenic properties. Four varieties of white tea, which represent the least processed form of tea, were shown to h"
beir-PLAIN-1298,standard_hybrid,grilling,open_book_qa,0.733,0.238,1.000,"Heterocyclic amines (HCAs), compounds formed when meat is cooked at high temperatures particularly through pan frying, grilling, or barbequing, pose a potential carcinogenic risk to the public. It is "
beir-PLAIN-1298,standard_no_rerank,grilling,open_book_qa,0.333,0.238,1.000,"There is growing interest in the potential health benefits of tea, including the antimutagenic properties. Four varieties of white tea, which represent the least processed form of tea, were shown to h"
beir-PLAIN-1308,naive_dense_only,hair loss,open_book_qa,0.333,1.000,1.000,"In order to assess early neurotoxic effects associated with relatively low levels of mercury absorbed through fish eating, two groups of 22 adult male subjects, habitual consumers of tuna fish, and 22"
beir-PLAIN-1308,standard_hybrid,hair loss,open_book_qa,0.333,1.000,1.000,"In order to assess early neurotoxic effects associated with relatively low levels of mercury absorbed through fish eating, two groups of 22 adult male subjects, habitual consumers of tuna fish, and 22"
beir-PLAIN-1308,standard_no_rerank,hair loss,open_book_qa,0.333,1.000,1.000,"In order to assess early neurotoxic effects associated with relatively low levels of mercury absorbed through fish eating, two groups of 22 adult male subjects, habitual consumers of tuna fish, and 22"
beir-PLAIN-1319,naive_dense_only,Harvard Nurses' Health Study,open_book_qa,0.850,0.046,1.000,"Today, tens of millions of elderly individuals worldwide suffer from dementia. While the pathogenesis of dementia is complex and incompletely understood, it may be, at least to a certain extent, the c"
beir-PLAIN-1319,standard_hybrid,Harvard Nurses' Health Study,open_book_qa,0.917,0.046,1.000,"Background & Aims Increased intake of dietary fiber has been proposed to reduce risk of inflammatory bowel diseases (Crohn’s disease [CD], ulcerative colitis [UC]). However, few prospective studies ha"
beir-PLAIN-1319,standard_no_rerank,Harvard Nurses' Health Study,open_book_qa,0.850,0.046,1.000,"Today, tens of millions of elderly individuals worldwide suffer from dementia. While the pathogenesis of dementia is complex and incompletely understood, it may be, at least to a certain extent, the c"
beir-PLAIN-1330,naive_dense_only,health food stores,open_book_qa,1.000,0.227,1.000,"Commercial literature on various probiotic products suggests that they can be taken before meals, during meals or after meals or even without meals. This has led to serious confusion for the industry "
beir-PLAIN-1330,standard_hybrid,health food stores,open_book_qa,1.000,0.227,1.000,"BACKGROUND: Many pregnant women use dietary supplements during pregnancy; however, relatively scant information is available on the safety of these products. Consumers of dietary supplements often rel"
beir-PLAIN-1330,standard_no_rerank,health food stores,open_book_qa,1.000,0.227,1.000,"Commercial literature on various probiotic products suggests that they can be taken before meals, during meals or after meals or even without meals. This has led to serious confusion for the industry "
beir-PLAIN-1341,naive_dense_only,HeLa cells,open_book_qa,0.750,1.000,1.000,"Antioxidant-rich diets are associated with reduced asthma prevalence. However, direct evidence that altering intake of antioxidant-rich foods affects asthma is lacking. The objective was to investigat"
beir-PLAIN-1341,standard_hybrid,HeLa cells,open_book_qa,0.750,1.000,1.000,"Polyphenol-rich berry extracts were screened for their antiproliferative effectiveness using human cervical cancer (HeLa) cells grown in microtiter plates. Rowan berry, raspberry, lingonberry, cloudbe"
beir-PLAIN-1341,standard_no_rerank,HeLa cells,open_book_qa,0.750,1.000,1.000,"Antioxidant-rich diets are associated with reduced asthma prevalence. However, direct evidence that altering intake of antioxidant-rich foods affects asthma is lacking. The objective was to investigat"
beir-PLAIN-1352,naive_dense_only,herbs,open_book_qa,0.333,0.125,1.000,Vasa (Adhatoda vasica Linn.) is a well known and easily available drug in almost all the seasons. Easy availability of any drug gains popularity among physicians as well as pharmaceuticals and this is
beir-PLAIN-1352,standard_hybrid,herbs,open_book_qa,1.000,0.125,1.000,OBJECTIVE: The aim of this work was to determine the bioavailability of herbs and spices after human consumption by measuring the ability to protect lymphocytes from an oxidative injury and by examini
beir-PLAIN-1352,standard_no_rerank,herbs,open_book_qa,0.333,0.125,1.000,Vasa (Adhatoda vasica Linn.) is a well known and easily available drug in almost all the seasons. Easy availability of any drug gains popularity among physicians as well as pharmaceuticals and this is
beir-PLAIN-1362,naive_dense_only,hijiki,open_book_qa,0.333,0.333,1.000,"Incidence of the metabolic syndrome is increasing worldwide, with notable exceptions of some Asian countries where seaweeds are commonly consumed. 13 men (mean age 47.4+/-9.9 yr) and 14 women (average"
beir-PLAIN-1362,standard_hybrid,hijiki,open_book_qa,0.733,0.333,1.000,"This study has measured the content of total and inorganic forms of arsenic in seaweed available on retail sale for consumption, to provide data for dietary exposure estimates and to support advice to"
beir-PLAIN-1362,standard_no_rerank,hijiki,open_book_qa,0.333,0.333,1.000,"Incidence of the metabolic syndrome is increasing worldwide, with notable exceptions of some Asian countries where seaweeds are commonly consumed. 13 men (mean age 47.4+/-9.9 yr) and 14 women (average"
beir-PLAIN-1373,naive_dense_only,hormesis,open_book_qa,0.333,0.185,1.000,"Although products of pyrolysis are often cytotoxic and mutagenic, the relationship between the type of material pyrolysed and the toxicity of the resulting pyrolysis products is poorly understood. The"
beir-PLAIN-1373,standard_hybrid,hormesis,open_book_qa,0.867,0.185,1.000,"The level of food restriction that results in life extension and retarded aging in rodents also enhances their ability to cope with intense stressors. Moreover, this level of dietary restriction (DR) "
beir-PLAIN-1373,standard_no_rerank,hormesis,open_book_qa,0.333,0.185,1.000,"Although products of pyrolysis are often cytotoxic and mutagenic, the relationship between the type of material pyrolysed and the toxicity of the resulting pyrolysis products is poorly understood. The"
beir-PLAIN-1386,naive_dense_only,Hydroxycut,open_book_qa,0.733,0.714,1.000,AIM: The efficacy of optimal doses of highly bioavailable (-)-hydroxycitric acid (HCA-SX) alone and in combination with niacin-bound chromium (NBC) and a standardized Gymnema sylvestre extract (GSE) o
beir-PLAIN-1386,standard_hybrid,Hydroxycut,open_book_qa,0.800,0.714,1.000,"Weight loss supplements often contain powerful pharmacoactive ingredients with the potential to cause harm. Trials used to determine product safety and effectiveness, meanwhile, tend to be small, of s"
beir-PLAIN-1386,standard_no_rerank,Hydroxycut,open_book_qa,0.733,0.714,1.000,AIM: The efficacy of optimal doses of highly bioavailable (-)-hydroxycitric acid (HCA-SX) alone and in combination with niacin-bound chromium (NBC) and a standardized Gymnema sylvestre extract (GSE) o
beir-PLAIN-1397,naive_dense_only,IgA,open_book_qa,0.333,0.455,1.000,BACKGROUND: Increased prevalence of allergic diseases in western societies has been described as an epidemic. The precise turning point for the epidemic and the antigens responsible for it remain obsc
beir-PLAIN-1397,standard_hybrid,IgA,open_book_qa,0.333,0.455,1.000,BACKGROUND: Increased prevalence of allergic diseases in western societies has been described as an epidemic. The precise turning point for the epidemic and the antigens responsible for it remain obsc
beir-PLAIN-1397,standard_no_rerank,IgA,open_book_qa,0.333,0.455,1.000,BACKGROUND: Increased prevalence of allergic diseases in western societies has been described as an epidemic. The precise turning point for the epidemic and the antigens responsible for it remain obsc
beir-PLAIN-1408,naive_dense_only,industrial pollutants,open_book_qa,0.333,0.111,1.000,"The inhibitory effect of Old Coke, caffeine-free New Coke, New Coke, Diet Coke and Pepsi-Cola on human sperm motility was studied with a trans-membrane migration method. None of them could decrease sp"
beir-PLAIN-1408,standard_hybrid,industrial pollutants,open_book_qa,0.800,0.111,1.000,"Male reproductive disorders that are of interest from an environmental point of view include sexual dysfunction, infertility, cryptorchidism, hypospadias and testicular cancer. Several reports suggest"
beir-PLAIN-1408,standard_no_rerank,industrial pollutants,open_book_qa,0.333,0.111,1.000,"The inhibitory effect of Old Coke, caffeine-free New Coke, New Coke, Diet Coke and Pepsi-Cola on human sperm motility was studied with a trans-membrane migration method. None of them could decrease sp"
beir-PLAIN-1418,naive_dense_only,insecticides,open_book_qa,0.333,0.357,1.000,"PURPOSE: The etiology of hypospadias is poorly understood. Exposure to pesticides has been considered a risk factor, although findings are inconsistent. Diet constitutes a significant exposure route f"
beir-PLAIN-1418,standard_hybrid,insecticides,open_book_qa,0.333,0.357,1.000,"PURPOSE: The etiology of hypospadias is poorly understood. Exposure to pesticides has been considered a risk factor, although findings are inconsistent. Diet constitutes a significant exposure route f"
beir-PLAIN-1418,standard_no_rerank,insecticides,open_book_qa,0.333,0.357,1.000,"PURPOSE: The etiology of hypospadias is poorly understood. Exposure to pesticides has been considered a risk factor, although findings are inconsistent. Diet constitutes a significant exposure route f"
beir-PLAIN-1428,naive_dense_only,iodine,open_book_qa,0.800,0.147,1.000,"Incidence of the metabolic syndrome is increasing worldwide, with notable exceptions of some Asian countries where seaweeds are commonly consumed. 13 men (mean age 47.4+/-9.9 yr) and 14 women (average"
beir-PLAIN-1428,standard_hybrid,iodine,open_book_qa,1.000,0.147,1.000,"Research on the relationship between iodine exposure and thyroid cancer risk is limited, and the findings are inconclusive. In most studies, fish/shellfish consumption has been used as a proxy measure"
beir-PLAIN-1428,standard_no_rerank,iodine,open_book_qa,0.800,0.147,1.000,"Incidence of the metabolic syndrome is increasing worldwide, with notable exceptions of some Asian countries where seaweeds are commonly consumed. 13 men (mean age 47.4+/-9.9 yr) and 14 women (average"
beir-PLAIN-1440,naive_dense_only,jam,open_book_qa,0.733,0.217,1.000,"Myopia is a worldwide public health problem. However, its understanding is incomplete, and many of its preventative and therapeutic aspects remain controversial. Nearwork is a primary, environmentally"
beir-PLAIN-1440,standard_hybrid,jam,open_book_qa,0.733,0.217,1.000,"The present study was conducted to determine differences in antioxidant levels of fresh, frozen, and freeze-dried strawberries, and strawberry jam. Hydrophilic antioxidant activity (HAA) and lipophili"
beir-PLAIN-1440,standard_no_rerank,jam,open_book_qa,0.400,0.217,1.000,"Myopia is a worldwide public health problem. However, its understanding is incomplete, and many of its preventative and therapeutic aspects remain controversial. Nearwork is a primary, environmentally"
beir-PLAIN-1451,naive_dense_only,juice,open_book_qa,0.733,0.031,1.000,"The relation between dietary antioxidant intake and primary open-angle glaucoma risk was examined in participants aged over 40 years in the Nurses' Health Study (n = 76,200) and the Health Professiona"
beir-PLAIN-1451,standard_hybrid,juice,open_book_qa,1.000,0.031,1.000,"The Healthy Hunger-Free Kids Act of 2010 presents an opportunity to change the nutritional quality of foods served in low-income childcare centers, including Head Start centers. Excessive fruit juice "
beir-PLAIN-1451,standard_no_rerank,juice,open_book_qa,0.400,0.031,1.000,"The relation between dietary antioxidant intake and primary open-angle glaucoma risk was examined in participants aged over 40 years in the Nurses' Health Study (n = 76,200) and the Health Professiona"
beir-PLAIN-1462,naive_dense_only,kidney,open_book_qa,0.333,0.833,1.000,"BACKGROUND: Heterocyclic amines, mutagens formed in meats cooked at high temperatures, have been demonstrated as mammary carcinogens in animals. We conducted a nested, case-control study among 41836 c"
beir-PLAIN-1462,standard_hybrid,kidney,open_book_qa,0.733,0.833,1.000,"Ergothioneine is a native membrane-impermeable thiol compound that is specifically accumulated in cells via the organic cation transporter OCTN1. In humans, OCTN1 and ergothioneine have been implicate"
beir-PLAIN-1462,standard_no_rerank,kidney,open_book_qa,0.333,0.833,1.000,"BACKGROUND: Heterocyclic amines, mutagens formed in meats cooked at high temperatures, have been demonstrated as mammary carcinogens in animals. We conducted a nested, case-control study among 41836 c"
beir-PLAIN-1472,naive_dense_only,kiwi fruit,open_book_qa,0.333,0.091,1.000,"Compared with other industrialized countries, the lower incidence of chronic-degenerative disorders in Mediterranean populations has been emphasized in recent decades. The health-promoting effects ari"
beir-PLAIN-1472,standard_hybrid,kiwi fruit,open_book_qa,1.000,0.091,1.000,Fruits and vegetables have been thought to be beneficial in cardiovascular disease. The beneficial effects of fruits and vegetables may be explained by the antioxidants and other components contained 
beir-PLAIN-1472,standard_no_rerank,kiwi fruit,open_book_qa,0.333,0.091,1.000,"Compared with other industrialized countries, the lower incidence of chronic-degenerative disorders in Mediterranean populations has been emphasized in recent decades. The health-promoting effects ari"
beir-PLAIN-1484,naive_dense_only,lamb,open_book_qa,0.333,0.385,1.000,Polybrominated diphenyl ether (PBDE) body burdens in the general U.S. population have been linked to the consumption of red meat and poultry. Exposure estimates have also indicated that meat products 
beir-PLAIN-1484,standard_hybrid,lamb,open_book_qa,0.333,0.385,1.000,Polybrominated diphenyl ether (PBDE) body burdens in the general U.S. population have been linked to the consumption of red meat and poultry. Exposure estimates have also indicated that meat products 
beir-PLAIN-1484,standard_no_rerank,lamb,open_book_qa,0.333,0.385,1.000,Polybrominated diphenyl ether (PBDE) body burdens in the general U.S. population have been linked to the consumption of red meat and poultry. Exposure estimates have also indicated that meat products 
beir-PLAIN-1495,naive_dense_only,lecithin,open_book_qa,0.333,0.455,1.000,"In this study, a panel of normal human prostate cells (HPCs) and tumor cells derived from metastases were studied by (1)H NMR spectroscopy to determine whether the malignant transformation of HPCs res"
beir-PLAIN-1495,standard_hybrid,lecithin,open_book_qa,0.333,0.455,1.000,Metabolomics studies hold promise for discovery of pathways linked to disease processes. Cardiovascular disease (CVD) represents the leading cause of death and morbidity worldwide. A metabolomics appr
beir-PLAIN-1495,standard_no_rerank,lecithin,open_book_qa,0.333,0.455,1.000,"In this study, a panel of normal human prostate cells (HPCs) and tumor cells derived from metastases were studied by (1)H NMR spectroscopy to determine whether the malignant transformation of HPCs res"
beir-PLAIN-1505,naive_dense_only,lettuce,open_book_qa,0.333,0.057,1.000,"Retinal pigment epithelium (RPE) cells are vital for retinal health. However, they are susceptible to injury with ageing and exposure to excessive light, including UV (100-380 nm) and visible (380-760"
beir-PLAIN-1505,standard_hybrid,lettuce,open_book_qa,0.800,0.057,1.000,"Background In the absence of current cumulative dietary exposure assessments, this analysis was conducted to estimate exposure to multiple dietary contaminants for children, who are more vulnerable to"
beir-PLAIN-1505,standard_no_rerank,lettuce,open_book_qa,0.333,0.057,1.000,"Retinal pigment epithelium (RPE) cells are vital for retinal health. However, they are susceptible to injury with ageing and exposure to excessive light, including UV (100-380 nm) and visible (380-760"
beir-PLAIN-1515,naive_dense_only,limonin,open_book_qa,0.333,0.833,1.000,"Cancer is a leading cause of death worldwide. There are a lot of cancer causing agents which are divided as physical carcinogens, chemical carcinogens and biological carcinogens. But most of the carci"
beir-PLAIN-1515,standard_hybrid,limonin,open_book_qa,0.333,0.833,1.000,"Cancer is a leading cause of death worldwide. There are a lot of cancer causing agents which are divided as physical carcinogens, chemical carcinogens and biological carcinogens. But most of the carci"
beir-PLAIN-1515,standard_no_rerank,limonin,open_book_qa,0.333,0.833,1.000,"Cancer is a leading cause of death worldwide. There are a lot of cancer causing agents which are divided as physical carcinogens, chemical carcinogens and biological carcinogens. But most of the carci"
beir-PLAIN-1526,naive_dense_only,liver cancer,open_book_qa,0.767,0.045,1.000,"Inositol hexaphosphate (InsP6 or IP6) is ubiquitous. At 10 microM to 1 mM concentrations, IP6 and its lower phosphorylated forms (IP(1-5)) as well as inositol (Ins) are contained in most mammalian cel"
beir-PLAIN-1526,standard_hybrid,liver cancer,open_book_qa,1.000,0.045,1.000,"INTRODUCTION: American Seventh-day Adventists have been reported to have lower cancer mortality and incidence than the general population. Adventists do not consume tobacco, alcohol or pork, and many "
beir-PLAIN-1526,standard_no_rerank,liver cancer,open_book_qa,0.767,0.045,1.000,"Inositol hexaphosphate (InsP6 or IP6) is ubiquitous. At 10 microM to 1 mM concentrations, IP6 and its lower phosphorylated forms (IP(1-5)) as well as inositol (Ins) are contained in most mammalian cel"
beir-PLAIN-1536,naive_dense_only,lovastatin,open_book_qa,0.333,0.250,1.000,"Summary Grapefruit is a popular, tasty and nutritive fruit enjoyed globally. Biomedical evidence in the last 10 years has, however, shown that consumption of grapefruit or its juice is associated with"
beir-PLAIN-1536,standard_hybrid,lovastatin,open_book_qa,0.733,0.250,1.000,BACKGROUND: Red yeast rice (RYR) is a widely available dietary supplement used by millions of patients as an alternative therapy for hyperlipidemia. It contains 14 active compounds called monacolins t
beir-PLAIN-1536,standard_no_rerank,lovastatin,open_book_qa,0.333,0.250,1.000,"Summary Grapefruit is a popular, tasty and nutritive fruit enjoyed globally. Biomedical evidence in the last 10 years has, however, shown that consumption of grapefruit or its juice is associated with"
beir-PLAIN-1546,naive_dense_only,lycopene,open_book_qa,0.733,0.143,1.000,"In developing countries like India, occurrence of Human papillomavirus (HPV) in cervical cancer as well as in the asymptomatic population was observed to be very high. Studies on HPV prevalence have b"
beir-PLAIN-1546,standard_hybrid,lycopene,open_book_qa,1.000,0.143,1.000,BACKGROUND: Enhanced oxidative stress or defective anti-oxidant defenses are related to the pathogenesis of depressive symptoms. Lycopene is the most powerful antioxidant amongst the carotenoids. The 
beir-PLAIN-1546,standard_no_rerank,lycopene,open_book_qa,0.733,0.143,1.000,"In developing countries like India, occurrence of Human papillomavirus (HPV) in cervical cancer as well as in the asymptomatic population was observed to be very high. Studies on HPV prevalence have b"
beir-PLAIN-1556,naive_dense_only,maggots,open_book_qa,0.333,1.000,1.000,Understanding the relative public health impact of major microbiological hazards across the food supply is critical for a risk-based national food safety system. This study was conducted to estimate t
beir-PLAIN-1556,standard_hybrid,maggots,open_book_qa,0.333,1.000,1.000,Understanding the relative public health impact of major microbiological hazards across the food supply is critical for a risk-based national food safety system. This study was conducted to estimate t
beir-PLAIN-1556,standard_no_rerank,maggots,open_book_qa,0.333,1.000,1.000,Understanding the relative public health impact of major microbiological hazards across the food supply is critical for a risk-based national food safety system. This study was conducted to estimate t
beir-PLAIN-1567,naive_dense_only,MAO Inhibitors,open_book_qa,0.800,0.556,1.000,Background Omnivorous diets are high in arachidonic acid (AA) compared to vegetarian diets. Research shows that high intakes of AA promote changes in brain that can disturb mood. Omnivores who eat fis
beir-PLAIN-1567,standard_hybrid,MAO Inhibitors,open_book_qa,0.933,0.556,1.000,The behavior of inhibitors of monoamine oxidase-A (MAO-A) is considered in terms of the possibility of having an effective antidepressant that does not give rise to hypertensive interactions with diet
beir-PLAIN-1567,standard_no_rerank,MAO Inhibitors,open_book_qa,0.467,0.556,1.000,Background Omnivorous diets are high in arachidonic acid (AA) compared to vegetarian diets. Research shows that high intakes of AA promote changes in brain that can disturb mood. Omnivores who eat fis
beir-PLAIN-1578,naive_dense_only,mastectomy,open_book_qa,0.733,0.312,1.000,"This study examined the impact of academic stress on salivary cortisol concentrations and lactic acid bacteria activity. Whole, unstimulated saliva samples and faecal samples were collected from 23 he"
beir-PLAIN-1578,standard_hybrid,mastectomy,open_book_qa,0.800,0.312,1.000,"OBJECTIVE: To review the current management of women with breast pain. OPTIONS: The effect of various treatment modes and health practices, including medications, was considered for the management of "
beir-PLAIN-1578,standard_no_rerank,mastectomy,open_book_qa,0.400,0.312,1.000,"This study examined the impact of academic stress on salivary cortisol concentrations and lactic acid bacteria activity. Whole, unstimulated saliva samples and faecal samples were collected from 23 he"
beir-PLAIN-1589,naive_dense_only,medical education,open_book_qa,0.800,0.089,1.000,"Despite compelling statistics that show we could eliminate 80%of all heart disease and strokes, 90% of all diabetes, and 60% of all cancers with basic lifestyle changes, we have failed to motivate the"
beir-PLAIN-1589,standard_hybrid,medical education,open_book_qa,1.000,0.089,1.000,"OBJECTIVE: The objective of this study was to assess expectations of effect when using statins in a treatment population. Further the aim was to examine factors, including history and concurrent risk "
beir-PLAIN-1589,standard_no_rerank,medical education,open_book_qa,0.467,0.089,1.000,"Despite compelling statistics that show we could eliminate 80%of all heart disease and strokes, 90% of all diabetes, and 60% of all cancers with basic lifestyle changes, we have failed to motivate the"
beir-PLAIN-1600,naive_dense_only,MelQx,open_book_qa,0.333,1.000,1.000,"Heterocyclic amines (HCAs), potent mutagens and a risk factor for human cancers, are produced in meats cooked at high temperature. The aim of this study was to determine the HCA content in cooked meat"
beir-PLAIN-1600,standard_hybrid,MelQx,open_book_qa,0.333,1.000,1.000,"Heterocyclic amines (HCAs), potent mutagens and a risk factor for human cancers, are produced in meats cooked at high temperature. The aim of this study was to determine the HCA content in cooked meat"
beir-PLAIN-1600,standard_no_rerank,MelQx,open_book_qa,0.333,1.000,1.000,"Heterocyclic amines (HCAs), potent mutagens and a risk factor for human cancers, are produced in meats cooked at high temperature. The aim of this study was to determine the HCA content in cooked meat"
beir-PLAIN-1610,naive_dense_only,mesothelioma,open_book_qa,0.733,0.294,1.000,"PURPOSE: To test the hypothesis that exposure to poultry oncogenic viruses that widely occurs occupationally in poultry workers and in the general population, may be associated with increased risks of"
beir-PLAIN-1610,standard_hybrid,mesothelioma,open_book_qa,0.800,0.294,1.000,BACKGROUND AND AIM: The occurrence of malignant pleural mesothelioma (MPM) has been reported among population groups with no documented professional exposure to asbestos fibres living in different geo
beir-PLAIN-1610,standard_no_rerank,mesothelioma,open_book_qa,0.733,0.294,1.000,"PURPOSE: To test the hypothesis that exposure to poultry oncogenic viruses that widely occurs occupationally in poultry workers and in the general population, may be associated with increased risks of"
beir-PLAIN-1620,naive_dense_only,methylmalonic acid,open_book_qa,0.889,1.000,1.000,BACKGROUND: Pure vegetarian diets might cause cobalamin deficiency due to lack of dietary intake. It was hypothesized that a population following a vegan diet consuming mostly raw fruits and vegetable
beir-PLAIN-1620,standard_hybrid,methylmalonic acid,open_book_qa,0.889,1.000,1.000,BACKGROUND: Pure vegetarian diets might cause cobalamin deficiency due to lack of dietary intake. It was hypothesized that a population following a vegan diet consuming mostly raw fruits and vegetable
beir-PLAIN-1620,standard_no_rerank,methylmalonic acid,open_book_qa,0.889,1.000,1.000,BACKGROUND: Pure vegetarian diets might cause cobalamin deficiency due to lack of dietary intake. It was hypothesized that a population following a vegan diet consuming mostly raw fruits and vegetable
beir-PLAIN-1634,naive_dense_only,migraines,open_book_qa,0.333,0.417,1.000,"Lavender essential oil has been used as an anxiolytic drug, a mood stabilizer, a sedative, spasmolytic, antihypertensive, antimicrobial, analgesic agent as well as a wound healing accelerator. We have"
beir-PLAIN-1634,standard_hybrid,migraines,open_book_qa,0.333,0.417,1.000,"BACKGROUND: There has been increasing interest in the entity of Non-Celiac Gluten Sensitivity (NCGS) in recent years; however, it still remains a controversial topic and its pathogenesis is not well u"
beir-PLAIN-1634,standard_no_rerank,migraines,open_book_qa,0.333,0.417,1.000,"Lavender essential oil has been used as an anxiolytic drug, a mood stabilizer, a sedative, spasmolytic, antihypertensive, antimicrobial, analgesic agent as well as a wound healing accelerator. We have"
beir-PLAIN-1644,naive_dense_only,mitochondria,open_book_qa,0.333,0.250,1.000,"Over the last several years, new evidence has kept pouring in about the remarkable effect of caloric restriction (CR) on the conspicuous bedfellows- aging and cancer. Through the use of various animal"
beir-PLAIN-1644,standard_hybrid,mitochondria,open_book_qa,0.800,0.250,1.000,"Nitrate, an inorganic anion abundant in vegetables, is converted in vivo to bioactive nitrogen oxides including NO. We recently demonstrated that dietary nitrate reduces oxygen cost during physical ex"
beir-PLAIN-1644,standard_no_rerank,mitochondria,open_book_qa,0.333,0.250,1.000,"Over the last several years, new evidence has kept pouring in about the remarkable effect of caloric restriction (CR) on the conspicuous bedfellows- aging and cancer. Through the use of various animal"
beir-PLAIN-1655,naive_dense_only,mortality,open_book_qa,0.800,0.005,1.000,"Over the last several years, new evidence has kept pouring in about the remarkable effect of caloric restriction (CR) on the conspicuous bedfellows- aging and cancer. Through the use of various animal"
beir-PLAIN-1655,standard_hybrid,mortality,open_book_qa,1.000,0.005,1.000,"Summary Background Statins reduce LDL cholesterol and prevent vascular events, but their net effects in people at low risk of vascular events remain uncertain. Methods This meta-analysis included indi"
beir-PLAIN-1655,standard_no_rerank,mortality,open_book_qa,0.800,0.005,1.000,"Over the last several years, new evidence has kept pouring in about the remarkable effect of caloric restriction (CR) on the conspicuous bedfellows- aging and cancer. Through the use of various animal"
beir-PLAIN-1666,naive_dense_only,muscle disease,open_book_qa,0.767,0.263,1.000,"Neurocysticercosis (NCC) is the most frequent parasitic disease of the human brain. Modern imaging studies, CT and MRI, have defined the diagnosis and characterization of the disease. Through these st"
beir-PLAIN-1666,standard_hybrid,muscle disease,open_book_qa,1.000,0.263,1.000,"While fish consumption is considered a component of a heart-healthy diet, many illnesses have been associated with eating contaminated fish. The authors describe two cases of muscle weakness and rhabd"
beir-PLAIN-1666,standard_no_rerank,muscle disease,open_book_qa,0.767,0.263,1.000,"Neurocysticercosis (NCC) is the most frequent parasitic disease of the human brain. Modern imaging studies, CT and MRI, have defined the diagnosis and characterization of the disease. Through these st"
beir-PLAIN-1678,naive_dense_only,mycotoxins,open_book_qa,0.333,1.000,1.000,Agaritine (N-(gamma-L(+)-glutamyl)-4-hydroxymethyl-phenylhydrazine) was identified and quantified by high-pressure liquid chromatography and used as a marker for the occurrence of phenylhydrazine deri
beir-PLAIN-1678,standard_hybrid,mycotoxins,open_book_qa,0.333,1.000,1.000,Agaritine (N-(gamma-L(+)-glutamyl)-4-hydroxymethyl-phenylhydrazine) was identified and quantified by high-pressure liquid chromatography and used as a marker for the occurrence of phenylhydrazine deri
beir-PLAIN-1678,standard_no_rerank,mycotoxins,open_book_qa,0.333,1.000,1.000,Agaritine (N-(gamma-L(+)-glutamyl)-4-hydroxymethyl-phenylhydrazine) was identified and quantified by high-pressure liquid chromatography and used as a marker for the occurrence of phenylhydrazine deri
beir-PLAIN-1689,naive_dense_only,nasal irrigation,open_book_qa,1.000,1.000,1.000,"BACKGROUND: The use of nasal irrigation for the treatment of nose and sinus complaints has its foundations in yogic and homeopathic traditions. There has been increasing use of saline irrigation, douc"
beir-PLAIN-1689,standard_hybrid,nasal irrigation,open_book_qa,1.000,1.000,1.000,"BACKGROUND: The use of nasal irrigation for the treatment of nose and sinus complaints has its foundations in yogic and homeopathic traditions. There has been increasing use of saline irrigation, douc"
beir-PLAIN-1689,standard_no_rerank,nasal irrigation,open_book_qa,1.000,1.000,1.000,"BACKGROUND: The use of nasal irrigation for the treatment of nose and sinus complaints has its foundations in yogic and homeopathic traditions. There has been increasing use of saline irrigation, douc"
beir-PLAIN-1699,naive_dense_only,National Pork Producers Council,open_book_qa,0.333,0.714,1.000,"Cardiovascular diseases (CVD) cost Americans billions of dollars per year. High cholesterol levels, which are closely related to dietary habits, are a major contributor to CVD. In this article, we stu"
beir-PLAIN-1699,standard_hybrid,National Pork Producers Council,open_book_qa,0.333,0.714,1.000,"Cardiovascular diseases (CVD) cost Americans billions of dollars per year. High cholesterol levels, which are closely related to dietary habits, are a major contributor to CVD. In this article, we stu"
beir-PLAIN-1699,standard_no_rerank,National Pork Producers Council,open_book_qa,0.333,0.714,1.000,"Cardiovascular diseases (CVD) cost Americans billions of dollars per year. High cholesterol levels, which are closely related to dietary habits, are a major contributor to CVD. In this article, we stu"
beir-PLAIN-1709,naive_dense_only,Neu5Gc,open_book_qa,0.333,0.200,1.000,"In developing countries like India, occurrence of Human papillomavirus (HPV) in cervical cancer as well as in the asymptomatic population was observed to be very high. Studies on HPV prevalence have b"
beir-PLAIN-1709,standard_hybrid,Neu5Gc,open_book_qa,0.733,0.200,1.000,"Patients with cancer have circulating heterophile antibodies that agglutinate animal red cells via recognition of the mammalian cell surface sialic acid N-glycolylneuraminic acid (Neu5Gc), which was l"
beir-PLAIN-1709,standard_no_rerank,Neu5Gc,open_book_qa,0.333,0.200,1.000,"In developing countries like India, occurrence of Human papillomavirus (HPV) in cervical cancer as well as in the asymptomatic population was observed to be very high. Studies on HPV prevalence have b"
beir-PLAIN-1720,naive_dense_only,nightshades,open_book_qa,0.333,0.714,1.000,"The study material consisted of five herbs: chamomile (flowers), mint (leaves), St John's wort (flowers and leaves), sage (leaves) and nettle (leaves), sourced from three producers. The calcium, magne"
beir-PLAIN-1720,standard_hybrid,nightshades,open_book_qa,0.333,0.714,1.000,"The study material consisted of five herbs: chamomile (flowers), mint (leaves), St John's wort (flowers and leaves), sage (leaves) and nettle (leaves), sourced from three producers. The calcium, magne"
beir-PLAIN-1720,standard_no_rerank,nightshades,open_book_qa,0.333,0.714,1.000,"The study material consisted of five herbs: chamomile (flowers), mint (leaves), St John's wort (flowers and leaves), sage (leaves) and nettle (leaves), sourced from three producers. The calcium, magne"
beir-PLAIN-1740,naive_dense_only,nutritional yeast,open_book_qa,0.733,0.312,1.000,Background Exercise can alter health in children in both beneficial (eg reduced long‐term risk of atherosclerosis) and adverse (eg exercise‐induced asthma) ways. The mechanisms linking exercise and he
beir-PLAIN-1740,standard_hybrid,nutritional yeast,open_book_qa,1.000,0.312,1.000,"Strenuous aerobic exercise is known to weaken the immune system, and while many nutritional supplements have been proposed to boost post-exercise immunity, few are known to be effective. The purpose o"
beir-PLAIN-1740,standard_no_rerank,nutritional yeast,open_book_qa,0.733,0.312,1.000,Background Exercise can alter health in children in both beneficial (eg reduced long‐term risk of atherosclerosis) and adverse (eg exercise‐induced asthma) ways. The mechanisms linking exercise and he
beir-PLAIN-1750,naive_dense_only,oils,open_book_qa,0.333,0.050,1.000,OBJECTIVE: To see whether mortality among men with angina can be reduced by dietary advice. DESIGN: A randomized controlled factorial trial. SETTING: Male patients of general practitioners in south Wa
beir-PLAIN-1750,standard_hybrid,oils,open_book_qa,1.000,0.050,1.000,"Objective To examine whether an association exists between maternal dietary patterns and risk of preterm delivery. Design Prospective cohort study. Setting Norway, between 2002 and 2008. Participants "
beir-PLAIN-1750,standard_no_rerank,oils,open_book_qa,0.333,0.050,1.000,OBJECTIVE: To see whether mortality among men with angina can be reduced by dietary advice. DESIGN: A randomized controlled factorial trial. SETTING: Male patients of general practitioners in south Wa
beir-PLAIN-1761,naive_dense_only,oral health,open_book_qa,0.867,0.051,1.000,Metabolomics studies hold promise for discovery of pathways linked to disease processes. Cardiovascular disease (CVD) represents the leading cause of death and morbidity worldwide. A metabolomics appr
beir-PLAIN-1761,standard_hybrid,oral health,open_book_qa,1.000,0.051,1.000,"Taking into consideration genetic damage plays an important role in carcinogenesis, the purpose of this paper is to provide an overview on the genotoxic potential of some endodontic compounds currentl"
beir-PLAIN-1761,standard_no_rerank,oral health,open_book_qa,0.700,0.051,1.000,Metabolomics studies hold promise for discovery of pathways linked to disease processes. Cardiovascular disease (CVD) represents the leading cause of death and morbidity worldwide. A metabolomics appr
beir-PLAIN-1771,naive_dense_only,organochlorines,open_book_qa,0.333,0.455,1.000,"PURPOSE: The etiology of hypospadias is poorly understood. Exposure to pesticides has been considered a risk factor, although findings are inconsistent. Diet constitutes a significant exposure route f"
beir-PLAIN-1771,standard_hybrid,organochlorines,open_book_qa,0.800,0.455,1.000,"Background: Exposure to organochlorines has been examined as a potential risk factor for non-Hodgkin lymphoma (NHL), with inconsistent results that may be related to limited statistical power or to im"
beir-PLAIN-1771,standard_no_rerank,organochlorines,open_book_qa,0.333,0.455,1.000,"PURPOSE: The etiology of hypospadias is poorly understood. Exposure to pesticides has been considered a risk factor, although findings are inconsistent. Diet constitutes a significant exposure route f"
beir-PLAIN-1783,naive_dense_only,oxalates,open_book_qa,0.733,0.172,1.000,"Spices, such as cinnamon, cloves, cardamom, garlic, ginger, cumin, coriander and turmeric are used all over the world as flavouring and colouring ingredients in Indian foods. Previous studies have sho"
beir-PLAIN-1783,standard_hybrid,oxalates,open_book_qa,0.733,0.172,1.000,"Spices, such as cinnamon, cloves, cardamom, garlic, ginger, cumin, coriander and turmeric are used all over the world as flavouring and colouring ingredients in Indian foods. Previous studies have sho"
beir-PLAIN-1783,standard_no_rerank,oxalates,open_book_qa,0.733,0.172,1.000,"Spices, such as cinnamon, cloves, cardamom, garlic, ginger, cumin, coriander and turmeric are used all over the world as flavouring and colouring ingredients in Indian foods. Previous studies have sho"
beir-PLAIN-1793,naive_dense_only,palmitic acid,open_book_qa,0.333,0.161,1.000,"How can adverse experiences in early life, such as maltreatment, exert such powerful negative effects on health decades later? The answer may lie in changes to DNA. New research suggests that exposure"
beir-PLAIN-1793,standard_hybrid,palmitic acid,open_book_qa,0.933,0.161,1.000,"BACKGROUND: Dietary fat type is known to modulate the plasma lipid profile, but its effects on plasma homocysteine and inflammatory markers are unclear. OBJECTIVE: We investigated the effects of high-"
beir-PLAIN-1793,standard_no_rerank,palmitic acid,open_book_qa,0.333,0.161,1.000,"How can adverse experiences in early life, such as maltreatment, exert such powerful negative effects on health decades later? The answer may lie in changes to DNA. New research suggests that exposure"
beir-PLAIN-1804,naive_dense_only,parasites,open_book_qa,0.733,0.058,1.000,"Neurocysticercosis (NCC) is the most frequent parasitic disease of the human brain. Modern imaging studies, CT and MRI, have defined the diagnosis and characterization of the disease. Through these st"
beir-PLAIN-1804,standard_hybrid,parasites,open_book_qa,1.000,0.058,1.000,Summary: Infection of humans with the nematode worm parasite Anisakis simplex was first described in the 1960s in association with the consumption of raw or undercooked fish. During the 1990s it was r
beir-PLAIN-1804,standard_no_rerank,parasites,open_book_qa,0.733,0.058,1.000,"Neurocysticercosis (NCC) is the most frequent parasitic disease of the human brain. Modern imaging studies, CT and MRI, have defined the diagnosis and characterization of the disease. Through these st"
beir-PLAIN-1816,naive_dense_only,peaches,open_book_qa,0.733,0.208,1.000,"The relation between dietary antioxidant intake and primary open-angle glaucoma risk was examined in participants aged over 40 years in the Nurses' Health Study (n = 76,200) and the Health Professiona"
beir-PLAIN-1816,standard_hybrid,peaches,open_book_qa,0.800,0.208,1.000,Purpose To explore the association between consumption of fruits and vegetables and the presence of glaucoma in older African American women. Design Cross-sectional study. Methods Disc photographs and
beir-PLAIN-1816,standard_no_rerank,peaches,open_book_qa,0.733,0.208,1.000,"The relation between dietary antioxidant intake and primary open-angle glaucoma risk was examined in participants aged over 40 years in the Nurses' Health Study (n = 76,200) and the Health Professiona"
beir-PLAIN-1826,naive_dense_only,penis size,open_book_qa,0.733,0.167,1.000,Interest has increased in the possibility that maternal dietary intake during pregnancy might influence the development of allergic disorders in children. The present prospective study examined the as
beir-PLAIN-1826,standard_hybrid,penis size,open_book_qa,0.733,0.167,1.000,The development of the male reproductive ducts and external genitalia in vertebrates is dependent on elevated androgen concentrations during embryonic development and the period of postnatal growth. W
beir-PLAIN-1826,standard_no_rerank,penis size,open_book_qa,0.733,0.167,1.000,Interest has increased in the possibility that maternal dietary intake during pregnancy might influence the development of allergic disorders in children. The present prospective study examined the as
beir-PLAIN-1836,naive_dense_only,persistent organic pollutants,open_book_qa,0.933,0.020,1.000,"Background In the absence of current cumulative dietary exposure assessments, this analysis was conducted to estimate exposure to multiple dietary contaminants for children, who are more vulnerable to"
beir-PLAIN-1836,standard_hybrid,persistent organic pollutants,open_book_qa,1.000,0.020,1.000,"This study measured 21 persistent, bioaccumulative, and toxic (PBT) pollutants in the US milk supply. Since milk fat is likely to be among the highest dietary sources of exposure to PBTs, it is import"
beir-PLAIN-1836,standard_no_rerank,persistent organic pollutants,open_book_qa,0.933,0.020,1.000,"Background In the absence of current cumulative dietary exposure assessments, this analysis was conducted to estimate exposure to multiple dietary contaminants for children, who are more vulnerable to"
beir-PLAIN-1846,naive_dense_only,phenolics,open_book_qa,0.333,0.250,1.000,BACKGROUND: The health benefits of organic foods are unclear. PURPOSE: To review evidence comparing the health effects of organic and conventional foods. DATA SOURCES: MEDLINE (January 1966 to May 201
beir-PLAIN-1846,standard_hybrid,phenolics,open_book_qa,0.800,0.250,1.000,"Both lipophilic and hydrophilic antioxidant capacities were determined using the oxygen radical absorbance capacity (ORAC(FL)) assay with fluorescein as the fluorescent probe and 2,2'-azobis(2-amidino"
beir-PLAIN-1846,standard_no_rerank,phenolics,open_book_qa,0.333,0.250,1.000,BACKGROUND: The health benefits of organic foods are unclear. PURPOSE: To review evidence comparing the health effects of organic and conventional foods. DATA SOURCES: MEDLINE (January 1966 to May 201
beir-PLAIN-1856,naive_dense_only,phytates,open_book_qa,0.333,0.074,1.000,Introduction Matrix metalloproteinases (MMPs) have repeatedly been shown to play a very active role in extracellular matrix degradation associated with tumor invasion and metastasis. Tissue inhibitors
beir-PLAIN-1856,standard_hybrid,phytates,open_book_qa,0.733,0.074,1.000,"This review describes the present state of knowledge about phytic acid (phytate), which is often present in legume seeds. The antinutritional effects of phytic acid primarily relate to the strong chel"
beir-PLAIN-1856,standard_no_rerank,phytates,open_book_qa,0.333,0.074,1.000,Introduction Matrix metalloproteinases (MMPs) have repeatedly been shown to play a very active role in extracellular matrix degradation associated with tumor invasion and metastasis. Tissue inhibitors
beir-PLAIN-1866,naive_dense_only,pineapple juice,open_book_qa,0.833,1.000,1.000,"The total phenolic content of 13 commercially available fruit juices and juice drinks, selected to represent the most popular juice flavors in the United Kingdom, were analyzed using the Folin-Ciocalt"
beir-PLAIN-1866,standard_hybrid,pineapple juice,open_book_qa,0.833,1.000,1.000,"The total phenolic content of 13 commercially available fruit juices and juice drinks, selected to represent the most popular juice flavors in the United Kingdom, were analyzed using the Folin-Ciocalt"
beir-PLAIN-1866,standard_no_rerank,pineapple juice,open_book_qa,0.833,1.000,1.000,"The total phenolic content of 13 commercially available fruit juices and juice drinks, selected to represent the most popular juice flavors in the United Kingdom, were analyzed using the Folin-Ciocalt"
beir-PLAIN-1876,naive_dense_only,plant protein,open_book_qa,0.633,0.020,1.000,"Over the last several years, new evidence has kept pouring in about the remarkable effect of caloric restriction (CR) on the conspicuous bedfellows- aging and cancer. Through the use of various animal"
beir-PLAIN-1876,standard_hybrid,plant protein,open_book_qa,1.000,0.020,1.000,"The effect of dietary protein on the level of plasma cholesterol in young, healthy, normolipidemic women was investigated in two separate studies by feeding either a conventional diet containing mixed"
beir-PLAIN-1876,standard_no_rerank,plant protein,open_book_qa,0.633,0.020,1.000,"Over the last several years, new evidence has kept pouring in about the remarkable effect of caloric restriction (CR) on the conspicuous bedfellows- aging and cancer. Through the use of various animal"
beir-PLAIN-1886,naive_dense_only,pneumovax,open_book_qa,0.333,1.000,1.000,"The past decade has seen an explosion in research focusing on innate immunity. Through a wide range of mechanisms including phagocytosis, intracellular killing, and activation of pro-inflammatory or a"
beir-PLAIN-1886,standard_hybrid,pneumovax,open_book_qa,0.333,1.000,1.000,"The past decade has seen an explosion in research focusing on innate immunity. Through a wide range of mechanisms including phagocytosis, intracellular killing, and activation of pro-inflammatory or a"
beir-PLAIN-1886,standard_no_rerank,pneumovax,open_book_qa,0.333,1.000,1.000,"The past decade has seen an explosion in research focusing on innate immunity. Through a wide range of mechanisms including phagocytosis, intracellular killing, and activation of pro-inflammatory or a"
beir-PLAIN-1896,naive_dense_only,polyphenols,open_book_qa,0.800,0.051,1.000,"Today, tens of millions of elderly individuals worldwide suffer from dementia. While the pathogenesis of dementia is complex and incompletely understood, it may be, at least to a certain extent, the c"
beir-PLAIN-1896,standard_hybrid,polyphenols,open_book_qa,1.000,0.051,1.000,"SCOPE: Dietary polyphenols (PP) can be divided into two groups: extractable polyphenols (EPP) or compounds solubilized by aqueous organic solvents, and nonextractable polyphenols (NEPP) or compounds t"
beir-PLAIN-1896,standard_no_rerank,polyphenols,open_book_qa,0.800,0.051,1.000,"Today, tens of millions of elderly individuals worldwide suffer from dementia. While the pathogenesis of dementia is complex and incompletely understood, it may be, at least to a certain extent, the c"
beir-PLAIN-1907,naive_dense_only,porcine endogenous retroviruses,open_book_qa,0.511,0.238,1.000,"OBJECTIVES: Evidence suggests that certain occupations and related exposures may increase the risk of malignant lymphoma. Farming, printing and paper industry, wood processing, meat handling and proce"
beir-PLAIN-1907,standard_hybrid,porcine endogenous retroviruses,open_book_qa,1.000,0.238,1.000,The human APOBEC3G protein is an innate anti-viral factor that can dominantly inhibit the replication of some endogenous and exogenous retroviruses. The prospects of purposefully harnessing such an an
beir-PLAIN-1907,standard_no_rerank,porcine endogenous retroviruses,open_book_qa,0.400,0.238,1.000,"OBJECTIVES: Evidence suggests that certain occupations and related exposures may increase the risk of malignant lymphoma. Farming, printing and paper industry, wood processing, meat handling and proce"
beir-PLAIN-1918,naive_dense_only,poultry viruses,open_book_qa,0.867,0.081,1.000,"OBJECTIVES: Evidence suggests that certain occupations and related exposures may increase the risk of malignant lymphoma. Farming, printing and paper industry, wood processing, meat handling and proce"
beir-PLAIN-1918,standard_hybrid,poultry viruses,open_book_qa,1.000,0.081,1.000,"PURPOSE: To test the hypothesis that exposure to poultry oncogenic viruses that widely occurs occupationally in poultry workers and in the general population, may be associated with increased risks of"
beir-PLAIN-1918,standard_no_rerank,poultry viruses,open_book_qa,0.867,0.081,1.000,"OBJECTIVES: Evidence suggests that certain occupations and related exposures may increase the risk of malignant lymphoma. Farming, printing and paper industry, wood processing, meat handling and proce"
beir-PLAIN-1928,naive_dense_only,premenstrual syndrome,open_book_qa,0.567,0.263,1.000,"BACKGROUND: Dysmenorrhoea is a common gynaecological complaint consisting of painful cramps accompanying menstruation, which in the absence of any underlying abnormality is known as primary dysmenorrh"
beir-PLAIN-1928,standard_hybrid,premenstrual syndrome,open_book_qa,1.000,0.263,1.000,OBJECTIVES: To determine cross-cultural and other effects on women's experiences of premenstrual symptoms and their impact on activities of daily life (ADL). STUDY DESIGN: Cross-sectional survey. Samp
beir-PLAIN-1928,standard_no_rerank,premenstrual syndrome,open_book_qa,0.567,0.263,1.000,"BACKGROUND: Dysmenorrhoea is a common gynaecological complaint consisting of painful cramps accompanying menstruation, which in the absence of any underlying abnormality is known as primary dysmenorrh"
beir-PLAIN-1939,naive_dense_only,processed meats,open_book_qa,0.333,0.714,1.000,"The growing macabre fascination with ""last meals"" offers a window into one's true consumption desires when one's value of the future is discounted close to zero. But in contrast to popular anecdotes a"
beir-PLAIN-1939,standard_hybrid,processed meats,open_book_qa,0.333,0.714,1.000,"The growing macabre fascination with ""last meals"" offers a window into one's true consumption desires when one's value of the future is discounted close to zero. But in contrast to popular anecdotes a"
beir-PLAIN-1939,standard_no_rerank,processed meats,open_book_qa,0.333,0.714,1.000,"The growing macabre fascination with ""last meals"" offers a window into one's true consumption desires when one's value of the future is discounted close to zero. But in contrast to popular anecdotes a"
beir-PLAIN-1949,naive_dense_only,Prozac,open_book_qa,0.333,0.179,1.000,Background Previous meta-analyses of published and unpublished trials indicate that antidepressants provide modest benefits compared to placebo in the treatment of depression; some have argued that th
beir-PLAIN-1949,standard_hybrid,Prozac,open_book_qa,0.333,0.179,1.000,Background Previous meta-analyses of published and unpublished trials indicate that antidepressants provide modest benefits compared to placebo in the treatment of depression; some have argued that th
beir-PLAIN-1949,standard_no_rerank,Prozac,open_book_qa,0.333,0.179,1.000,Background Previous meta-analyses of published and unpublished trials indicate that antidepressants provide modest benefits compared to placebo in the treatment of depression; some have argued that th
beir-PLAIN-1961,naive_dense_only,pulmonary embolism,open_book_qa,0.733,0.833,1.000,"Although improvement in long-term health is no longer an indication for menopausal hormone therapy, evidence supporting fewer adverse events in younger women, combined with its high overall effectiven"
beir-PLAIN-1961,standard_hybrid,pulmonary embolism,open_book_qa,0.733,0.833,1.000,"CONTEXT: Despite decades of accumulated observational evidence, the balance of risks and benefits for hormone use in healthy postmenopausal women remains uncertain. OBJECTIVE: To assess the major heal"
beir-PLAIN-1961,standard_no_rerank,pulmonary embolism,open_book_qa,0.400,0.833,1.000,"Although improvement in long-term health is no longer an indication for menopausal hormone therapy, evidence supporting fewer adverse events in younger women, combined with its high overall effectiven"
beir-PLAIN-1971,naive_dense_only,quercitin,open_book_qa,0.333,0.217,1.000,CONTEXT: Few studies have evaluated the relationship between fruit and vegetable intake and cardiovascular disease. OBJECTIVE: To examine the associations between fruit and vegetable intake and ischem
beir-PLAIN-1971,standard_hybrid,quercitin,open_book_qa,0.333,0.217,1.000,BACKGROUND & AIMS: Familialadenomatous polyposis (FAP) is an autosomal-dominant disorder characterized by the development of hundreds of colorectal adenomas and eventual colorectal cancer. Regression 
beir-PLAIN-1971,standard_no_rerank,quercitin,open_book_qa,0.333,0.217,1.000,CONTEXT: Few studies have evaluated the relationship between fruit and vegetable intake and cardiovascular disease. OBJECTIVE: To examine the associations between fruit and vegetable intake and ischem
beir-PLAIN-1982,naive_dense_only,ranking foods,open_book_qa,0.567,0.065,1.000,"Cancer is primarily a disease of old age, and that life style plays a major role in the development of most cancers is now well recognized. While plant-based formulations have been used to treat cance"
beir-PLAIN-1982,standard_hybrid,ranking foods,open_book_qa,0.833,0.065,1.000,"Antioxidants, primarily from fruits and vegetables, have been hypothesized to protect against non-Hodgkin lymphoma (NHL). The Oxygen Radical Absorbance Capacity (ORAC) assay, which measures total anti"
beir-PLAIN-1982,standard_no_rerank,ranking foods,open_book_qa,0.400,0.065,1.000,"Cancer is primarily a disease of old age, and that life style plays a major role in the development of most cancers is now well recognized. While plant-based formulations have been used to treat cance"
beir-PLAIN-1994,naive_dense_only,red onions,open_book_qa,0.333,0.455,1.000,BACKGROUND & AIMS: Familialadenomatous polyposis (FAP) is an autosomal-dominant disorder characterized by the development of hundreds of colorectal adenomas and eventual colorectal cancer. Regression 
beir-PLAIN-1994,standard_hybrid,red onions,open_book_qa,0.333,0.455,1.000,BACKGROUND & AIMS: Familialadenomatous polyposis (FAP) is an autosomal-dominant disorder characterized by the development of hundreds of colorectal adenomas and eventual colorectal cancer. Regression 
beir-PLAIN-1994,standard_no_rerank,red onions,open_book_qa,0.333,0.455,1.000,BACKGROUND & AIMS: Familialadenomatous polyposis (FAP) is an autosomal-dominant disorder characterized by the development of hundreds of colorectal adenomas and eventual colorectal cancer. Regression 
beir-PLAIN-2007,naive_dense_only,reversing chronic disease,open_book_qa,0.822,0.128,1.000,Summary Background Quantification of the disease burden caused by different risks informs prevention by providing an account of health loss different to that provided by a disease-by-disease analysis.
beir-PLAIN-2007,standard_hybrid,reversing chronic disease,open_book_qa,0.889,0.128,1.000,"BACKGROUND: Reliable and timely information on the leading causes of death in populations, and how these are changing, is a crucial input into health policy debates. In the Global Burden of Diseases, "
beir-PLAIN-2007,standard_no_rerank,reversing chronic disease,open_book_qa,0.822,0.128,1.000,Summary Background Quantification of the disease burden caused by different risks informs prevention by providing an account of health loss different to that provided by a disease-by-disease analysis.
beir-PLAIN-2018,naive_dense_only,Richard Dawkins,open_book_qa,0.333,1.000,1.000,"Numerous researchers have examined the effects of skin condition, including texture and color, on the perception of health, age, and attractiveness in human faces. They have focused on facial color di"
beir-PLAIN-2018,standard_hybrid,Richard Dawkins,open_book_qa,0.333,1.000,1.000,"Numerous researchers have examined the effects of skin condition, including texture and color, on the perception of health, age, and attractiveness in human faces. They have focused on facial color di"
beir-PLAIN-2018,standard_no_rerank,Richard Dawkins,open_book_qa,0.333,1.000,1.000,"Numerous researchers have examined the effects of skin condition, including texture and color, on the perception of health, age, and attractiveness in human faces. They have focused on facial color di"
beir-PLAIN-2029,naive_dense_only,rutabagas,open_book_qa,0.333,1.000,1.000,"We prospectively examined fruit and vegetable intake in relation to cognitive function and decline among aging women. Participants were followed from in 1976 with biennial questionnaires, and food fre"
beir-PLAIN-2029,standard_hybrid,rutabagas,open_book_qa,0.333,1.000,1.000,"We prospectively examined fruit and vegetable intake in relation to cognitive function and decline among aging women. Participants were followed from in 1976 with biennial questionnaires, and food fre"
beir-PLAIN-2029,standard_no_rerank,rutabagas,open_book_qa,0.333,1.000,1.000,"We prospectively examined fruit and vegetable intake in relation to cognitive function and decline among aging women. Participants were followed from in 1976 with biennial questionnaires, and food fre"
beir-PLAIN-2039,naive_dense_only,saliva,open_book_qa,0.333,0.147,1.000,Metabolomics studies hold promise for discovery of pathways linked to disease processes. Cardiovascular disease (CVD) represents the leading cause of death and morbidity worldwide. A metabolomics appr
beir-PLAIN-2039,standard_hybrid,saliva,open_book_qa,0.800,0.147,1.000,"Fish odour syndrome (trimethylaminuria) is a metabolic syndrome caused by abnormal excretion of trimethylamine in the breath, urine, sweat, saliva and vaginal secretions. Trimethylamine is derived fro"
beir-PLAIN-2039,standard_no_rerank,saliva,open_book_qa,0.333,0.147,1.000,Metabolomics studies hold promise for discovery of pathways linked to disease processes. Cardiovascular disease (CVD) represents the leading cause of death and morbidity worldwide. A metabolomics appr
beir-PLAIN-2050,naive_dense_only,saturate fat,open_book_qa,0.567,1.000,1.000,"There are currently approximately 33.9 million individuals with Alzheimer's disease (AD) worldwide, and prevalence is expected to triple over the next 40 years. The goal of this review was to summariz"
beir-PLAIN-2050,standard_hybrid,saturate fat,open_book_qa,0.567,1.000,1.000,"Objective To relate dietary fat types to cognitive change in healthy community-based elders. Methods Among 6,183 older participants in the Women’s Health Study, we related intake of major fatty acids "
beir-PLAIN-2050,standard_no_rerank,saturate fat,open_book_qa,0.567,1.000,1.000,"There are currently approximately 33.9 million individuals with Alzheimer's disease (AD) worldwide, and prevalence is expected to triple over the next 40 years. The goal of this review was to summariz"
beir-PLAIN-2060,naive_dense_only,sea vegetables,open_book_qa,0.567,0.333,1.000,"Incidence of the metabolic syndrome is increasing worldwide, with notable exceptions of some Asian countries where seaweeds are commonly consumed. 13 men (mean age 47.4+/-9.9 yr) and 14 women (average"
beir-PLAIN-2060,standard_hybrid,sea vegetables,open_book_qa,0.567,0.333,1.000,A population-based case-control interview study was designed to test the hypothesis that dietary iodine or the consumption of goitrogenic vegetables increases the risk of thyroid cancer. A total of 19
beir-PLAIN-2060,standard_no_rerank,sea vegetables,open_book_qa,0.400,0.333,1.000,"Incidence of the metabolic syndrome is increasing worldwide, with notable exceptions of some Asian countries where seaweeds are commonly consumed. 13 men (mean age 47.4+/-9.9 yr) and 14 women (average"
beir-PLAIN-2070,naive_dense_only,sense of smell,open_book_qa,0.333,1.000,1.000,"Beeturia, the passage of pink or red urine after the ingestion of beetroot, is said to occur in 10-14% of the population, and is more common in iron deficiency and malabsorption. A specific HPLC assay"
beir-PLAIN-2070,standard_hybrid,sense of smell,open_book_qa,0.333,1.000,1.000,"Beeturia, the passage of pink or red urine after the ingestion of beetroot, is said to occur in 10-14% of the population, and is more common in iron deficiency and malabsorption. A specific HPLC assay"
beir-PLAIN-2070,standard_no_rerank,sense of smell,open_book_qa,0.333,1.000,1.000,"Beeturia, the passage of pink or red urine after the ingestion of beetroot, is said to occur in 10-14% of the population, and is more common in iron deficiency and malabsorption. A specific HPLC assay"
beir-PLAIN-2080,naive_dense_only,sheep,open_book_qa,0.733,0.094,1.000,"OBJECTIVES: Evidence suggests that certain occupations and related exposures may increase the risk of malignant lymphoma. Farming, printing and paper industry, wood processing, meat handling and proce"
beir-PLAIN-2080,standard_hybrid,sheep,open_book_qa,0.867,0.094,1.000,"OBJECTIVE: workers in slaughterhouses and processing plants that handle pigs, and pork butchers/meatcutters have been little studied for health risks associated with employment, in spite of the fact t"
beir-PLAIN-2080,standard_no_rerank,sheep,open_book_qa,0.733,0.094,1.000,"OBJECTIVES: Evidence suggests that certain occupations and related exposures may increase the risk of malignant lymphoma. Farming, printing and paper industry, wood processing, meat handling and proce"
beir-PLAIN-2091,naive_dense_only,sinusitis,open_book_qa,0.333,1.000,1.000,"BACKGROUND: The use of nasal irrigation for the treatment of nose and sinus complaints has its foundations in yogic and homeopathic traditions. There has been increasing use of saline irrigation, douc"
beir-PLAIN-2091,standard_hybrid,sinusitis,open_book_qa,0.333,1.000,1.000,"BACKGROUND: The use of nasal irrigation for the treatment of nose and sinus complaints has its foundations in yogic and homeopathic traditions. There has been increasing use of saline irrigation, douc"
beir-PLAIN-2091,standard_no_rerank,sinusitis,open_book_qa,0.333,1.000,1.000,"BACKGROUND: The use of nasal irrigation for the treatment of nose and sinus complaints has its foundations in yogic and homeopathic traditions. There has been increasing use of saline irrigation, douc"
beir-PLAIN-2101,naive_dense_only,smoked foods,open_book_qa,0.800,0.455,1.000,"Although products of pyrolysis are often cytotoxic and mutagenic, the relationship between the type of material pyrolysed and the toxicity of the resulting pyrolysis products is poorly understood. The"
beir-PLAIN-2101,standard_hybrid,smoked foods,open_book_qa,1.000,0.455,1.000,"Smoked foods including turkey, pork, chicken, beef and fish products were screened for the presence of carcinogenic and non-carcinogenic polycyclic aromatic hydrocarbons (PAHs). Eighteen commercial li"
beir-PLAIN-2101,standard_no_rerank,smoked foods,open_book_qa,0.633,0.455,1.000,"Although products of pyrolysis are often cytotoxic and mutagenic, the relationship between the type of material pyrolysed and the toxicity of the resulting pyrolysis products is poorly understood. The"
beir-PLAIN-2112,naive_dense_only,sodium bicarbonate,open_book_qa,1.000,1.000,1.000,The effects of drinking sodium-bicarbonated mineral water on cardiovascular risk in young men and women with moderate cardiovascular risk were studied. Eighteen young volunteers (total cholesterol lev
beir-PLAIN-2112,standard_hybrid,sodium bicarbonate,open_book_qa,1.000,1.000,1.000,The effects of drinking sodium-bicarbonated mineral water on cardiovascular risk in young men and women with moderate cardiovascular risk were studied. Eighteen young volunteers (total cholesterol lev
beir-PLAIN-2112,standard_no_rerank,sodium bicarbonate,open_book_qa,1.000,1.000,1.000,The effects of drinking sodium-bicarbonated mineral water on cardiovascular risk in young men and women with moderate cardiovascular risk were studied. Eighteen young volunteers (total cholesterol lev
beir-PLAIN-2123,naive_dense_only,Spain,open_book_qa,0.333,0.625,1.000,"Control and triathlete volunteers (n=8 and n=15, respectively) were given 400 mL and 200 mL of aronia-citrus juice (AC-juice), respectively. The 24h urine samples were hydrolysed to determine the flav"
beir-PLAIN-2123,standard_hybrid,Spain,open_book_qa,0.333,0.625,1.000,"Control and triathlete volunteers (n=8 and n=15, respectively) were given 400 mL and 200 mL of aronia-citrus juice (AC-juice), respectively. The 24h urine samples were hydrolysed to determine the flav"
beir-PLAIN-2123,standard_no_rerank,Spain,open_book_qa,0.333,0.625,1.000,"Control and triathlete volunteers (n=8 and n=15, respectively) were given 400 mL and 200 mL of aronia-citrus juice (AC-juice), respectively. The 24h urine samples were hydrolysed to determine the flav"
beir-PLAIN-2133,naive_dense_only,spirulina,open_book_qa,0.867,0.556,1.000,The Dietary Supplements Information Expert Committee (DSI-EC) of the United States Pharmacopeial Convention (USP) reviews the safety of dietary supplements and dietary supplement ingredients for the p
beir-PLAIN-2133,standard_hybrid,spirulina,open_book_qa,1.000,0.556,1.000,The Dietary Supplements Information Expert Committee (DSI-EC) of the United States Pharmacopeial Convention (USP) reviews the safety of dietary supplements and dietary supplement ingredients for the p
beir-PLAIN-2133,standard_no_rerank,spirulina,open_book_qa,0.867,0.556,1.000,The Dietary Supplements Information Expert Committee (DSI-EC) of the United States Pharmacopeial Convention (USP) reviews the safety of dietary supplements and dietary supplement ingredients for the p
beir-PLAIN-2144,naive_dense_only,SSRI's,open_book_qa,0.733,0.185,1.000,Background Previous meta-analyses of published and unpublished trials indicate that antidepressants provide modest benefits compared to placebo in the treatment of depression; some have argued that th
beir-PLAIN-2144,standard_hybrid,SSRI's,open_book_qa,0.733,0.185,1.000,Background Previous meta-analyses of published and unpublished trials indicate that antidepressants provide modest benefits compared to placebo in the treatment of depression; some have argued that th
beir-PLAIN-2144,standard_no_rerank,SSRI's,open_book_qa,0.733,0.185,1.000,Background Previous meta-analyses of published and unpublished trials indicate that antidepressants provide modest benefits compared to placebo in the treatment of depression; some have argued that th
beir-PLAIN-2155,naive_dense_only,steroids,open_book_qa,0.333,0.081,1.000,The authors investigated whether early-life residency in certain areas of Iceland marked by distinct differences in milk intake was associated with risk of prostate cancer in a population-based cohort
beir-PLAIN-2155,standard_hybrid,steroids,open_book_qa,1.000,0.081,1.000,"Hormones work in harmony in the body, and this status must be maintained to avoid metabolic disequilibrium and the subsequent illness. Besides, it has been reported that exogenous steroids (presence i"
beir-PLAIN-2155,standard_no_rerank,steroids,open_book_qa,0.333,0.081,1.000,The authors investigated whether early-life residency in certain areas of Iceland marked by distinct differences in milk intake was associated with risk of prostate cancer in a population-based cohort
beir-PLAIN-2166,naive_dense_only,stroke,open_book_qa,0.333,0.017,1.000,BACKGROUND: One of the major issues in controlling serum cholesterol through dietetic intervention appears to be the need to improve patient adherence. AIMS: To explore the many questions regarding ba
beir-PLAIN-2166,standard_hybrid,stroke,open_book_qa,1.000,0.017,1.000,"BACKGROUND & AIMS: This research was aimed at clarifying whether high dietary fiber intake has an impact on incidence and risk of stroke at a population level. METHODS: In 1647 unselected subjects, di"
beir-PLAIN-2166,standard_no_rerank,stroke,open_book_qa,0.333,0.017,1.000,BACKGROUND: One of the major issues in controlling serum cholesterol through dietetic intervention appears to be the need to improve patient adherence. AIMS: To explore the many questions regarding ba
beir-PLAIN-2176,naive_dense_only,sulforaphane,open_book_qa,0.333,0.139,1.000,BACKGROUND: The health benefits of organic foods are unclear. PURPOSE: To review evidence comparing the health effects of organic and conventional foods. DATA SOURCES: MEDLINE (January 1966 to May 201
beir-PLAIN-2176,standard_hybrid,sulforaphane,open_book_qa,1.000,0.139,1.000,"Sulforaphane [1-isothiocyanate-(4R)-(methylsulfinyl)butane] is a natural dietary isothiocyanate produced by the enzymatic action of the myrosinase on glucopharanin, a 4-methylsulfinylbutyl glucosinola"
beir-PLAIN-2176,standard_no_rerank,sulforaphane,open_book_qa,0.333,0.139,1.000,BACKGROUND: The health benefits of organic foods are unclear. PURPOSE: To review evidence comparing the health effects of organic and conventional foods. DATA SOURCES: MEDLINE (January 1966 to May 201
beir-PLAIN-2186,naive_dense_only,supplements,open_book_qa,0.333,0.011,1.000,"Curcumin exhibits anti-inflammatory and antitumor activities. Although its functional mechanism has not been elucidated so far, numerous studies have shown that curcumin induces apoptosis in cancer ce"
beir-PLAIN-2186,standard_hybrid,supplements,open_book_qa,1.000,0.011,1.000,"Oxidative stress has been implicated in the pathophysiology of many neuropsychiatric disorders such as schizophrenia, bipolar disorder, major depression etc. Both genetic and nongenetic factors have b"
beir-PLAIN-2186,standard_no_rerank,supplements,open_book_qa,0.333,0.011,1.000,"Curcumin exhibits anti-inflammatory and antitumor activities. Although its functional mechanism has not been elucidated so far, numerous studies have shown that curcumin induces apoptosis in cancer ce"
beir-PLAIN-2196,naive_dense_only,sweet potatoes,open_book_qa,1.000,0.122,1.000,"Orange fleshed sweet potato (OFSP) has been identified as a good source of beta-carotene but the beta-carotene bioaccessibility is affected by processing. In this study, the effect of traditional heat"
beir-PLAIN-2196,standard_hybrid,sweet potatoes,open_book_qa,1.000,0.122,1.000,"The effects of baking and boiling on the nutritional and antioxidant properties of three sweet potato cultivars (Beniazuma, Koganesengan, Kotobuki) cultivated in Turkey were investigated. The samples "
beir-PLAIN-2196,standard_no_rerank,sweet potatoes,open_book_qa,1.000,0.122,1.000,"Orange fleshed sweet potato (OFSP) has been identified as a good source of beta-carotene but the beta-carotene bioaccessibility is affected by processing. In this study, the effect of traditional heat"
beir-PLAIN-2208,naive_dense_only,tapeworms,open_book_qa,0.333,0.192,1.000,"Neurocysticercosis (NCC) is the most frequent parasitic disease of the human brain. Modern imaging studies, CT and MRI, have defined the diagnosis and characterization of the disease. Through these st"
beir-PLAIN-2208,standard_hybrid,tapeworms,open_book_qa,0.333,0.192,1.000,BACKGROUND: Anecdotal reports and a single case-control epidemiological survey have suggested an association between the helminthic disease neurocysticercosis and primary headache. The present study w
beir-PLAIN-2208,standard_no_rerank,tapeworms,open_book_qa,0.333,0.192,1.000,"Neurocysticercosis (NCC) is the most frequent parasitic disease of the human brain. Modern imaging studies, CT and MRI, have defined the diagnosis and characterization of the disease. Through these st"
beir-PLAIN-2219,naive_dense_only,telomeres,open_book_qa,0.800,0.185,1.000,Recent evidences have highlighted an influence of micronutrients in the maintenance of telomere length (TL). In order to explore whether diet-related telomere shortening had any physiological relevanc
beir-PLAIN-2219,standard_hybrid,telomeres,open_book_qa,1.000,0.185,1.000,"How can adverse experiences in early life, such as maltreatment, exert such powerful negative effects on health decades later? The answer may lie in changes to DNA. New research suggests that exposure"
beir-PLAIN-2219,standard_no_rerank,telomeres,open_book_qa,0.467,0.185,1.000,Recent evidences have highlighted an influence of micronutrients in the maintenance of telomere length (TL). In order to explore whether diet-related telomere shortening had any physiological relevanc
beir-PLAIN-2229,naive_dense_only,thermogenics,open_book_qa,0.333,1.000,1.000,"Satiety, which is the inhibition of eating following the end of a meal, is influenced by a number of food characteristics, including compositional and structural factors. An increased understanding of"
beir-PLAIN-2229,standard_hybrid,thermogenics,open_book_qa,0.333,1.000,1.000,"Satiety, which is the inhibition of eating following the end of a meal, is influenced by a number of food characteristics, including compositional and structural factors. An increased understanding of"
beir-PLAIN-2229,standard_no_rerank,thermogenics,open_book_qa,0.333,1.000,1.000,"Satiety, which is the inhibition of eating following the end of a meal, is influenced by a number of food characteristics, including compositional and structural factors. An increased understanding of"
beir-PLAIN-2239,naive_dense_only,tick bites,open_book_qa,0.333,0.278,1.000,"Urticaria, defined by the presence of wheals and/or angio-edema, is a common condition in children, prompting parents to consult physicians. For its successful management, paediatric-specific features"
beir-PLAIN-2239,standard_hybrid,tick bites,open_book_qa,0.867,0.278,1.000,"BACKGROUND AND OBJECTIVE: Despite a thorough history and comprehensive testing, many children who present with recurrent symptoms consistent with allergic reactions elude diagnosis. Recent research ha"
beir-PLAIN-2239,standard_no_rerank,tick bites,open_book_qa,0.333,0.278,1.000,"Urticaria, defined by the presence of wheals and/or angio-edema, is a common condition in children, prompting parents to consult physicians. For its successful management, paediatric-specific features"
beir-PLAIN-2249,naive_dense_only,tongue cancer,open_book_qa,0.567,0.312,1.000,"Cancer of the gallbladder is rare but fatal, and has an unusual geographic and demographic distribution. Gallstones and obesity have been suggested as possible risk factors. As diet is known to influe"
beir-PLAIN-2249,standard_hybrid,tongue cancer,open_book_qa,1.000,0.312,1.000,"We investigated the effects of sporamin, the major soluble protein with a kunitz-type trypsin inhibitory activity in the root tuber of the sweet potato, on cell proliferation, apoptosis, Akt/GSK-3 sig"
beir-PLAIN-2249,standard_no_rerank,tongue cancer,open_book_qa,0.567,0.312,1.000,"Cancer of the gallbladder is rare but fatal, and has an unusual geographic and demographic distribution. Gallstones and obesity have been suggested as possible risk factors. As diet is known to influe"
beir-PLAIN-2260,naive_dense_only,trans fat,open_book_qa,0.800,0.833,1.000,"Trans-fatty acids (TFA) have adverse effects on blood lipids, but whether TFA from different sources are associated with risk of CVD remains unresolved. The objective of the present study was to evalu"
beir-PLAIN-2260,standard_hybrid,trans fat,open_book_qa,0.800,0.833,1.000,"Trans-fatty acids (TFA) have adverse effects on blood lipids, but whether TFA from different sources are associated with risk of CVD remains unresolved. The objective of the present study was to evalu"
beir-PLAIN-2260,standard_no_rerank,trans fat,open_book_qa,0.800,0.833,1.000,"Trans-fatty acids (TFA) have adverse effects on blood lipids, but whether TFA from different sources are associated with risk of CVD remains unresolved. The objective of the present study was to evalu"
beir-PLAIN-2270,naive_dense_only,tryptophan,open_book_qa,0.867,1.000,1.000,Influence of diet composition on mood during weight-reducing diets was studied in healthy young women of normal weight. A broad range of macronutrient intake was achieved by means of divergent dietary
beir-PLAIN-2270,standard_hybrid,tryptophan,open_book_qa,0.867,1.000,1.000,Influence of diet composition on mood during weight-reducing diets was studied in healthy young women of normal weight. A broad range of macronutrient intake was achieved by means of divergent dietary
beir-PLAIN-2270,standard_no_rerank,tryptophan,open_book_qa,0.867,1.000,1.000,Influence of diet composition on mood during weight-reducing diets was studied in healthy young women of normal weight. A broad range of macronutrient intake was achieved by means of divergent dietary
beir-PLAIN-2280,naive_dense_only,turmeric,open_book_qa,0.733,0.030,1.000,"Curcumin exhibits anti-inflammatory and antitumor activities. Although its functional mechanism has not been elucidated so far, numerous studies have shown that curcumin induces apoptosis in cancer ce"
beir-PLAIN-2280,standard_hybrid,turmeric,open_book_qa,1.000,0.030,1.000,"Vascular endothelial function is declines with aging and is associated with an increased risk of cardiovascular disease. Lifestyle modification, particularly aerobic exercise and dietary adjustment, h"
beir-PLAIN-2280,standard_no_rerank,turmeric,open_book_qa,0.400,0.030,1.000,"Curcumin exhibits anti-inflammatory and antitumor activities. Although its functional mechanism has not been elucidated so far, numerous studies have shown that curcumin induces apoptosis in cancer ce"
beir-PLAIN-2290,naive_dense_only,ulcerative colitis,open_book_qa,0.567,0.078,1.000,The mucosal immune system is constantly exposed to a wide range of commensal and potentially pathogenic microbial species. Chronic exposure to foreign organisms makes generation of an appropriate immu
beir-PLAIN-2290,standard_hybrid,ulcerative colitis,open_book_qa,1.000,0.078,1.000,It has been shown that feces of patients with ulcerative colitis uniformly contain sulfate reducing bacteria. Sulfide produced by these bacteria interferes with butyrate-dependent energy metabolism of
beir-PLAIN-2290,standard_no_rerank,ulcerative colitis,open_book_qa,0.567,0.078,1.000,The mucosal immune system is constantly exposed to a wide range of commensal and potentially pathogenic microbial species. Chronic exposure to foreign organisms makes generation of an appropriate immu
beir-PLAIN-2300,naive_dense_only,uterine cancer,open_book_qa,0.333,0.227,1.000,"The current trends of increasing incidences of testis, breast and prostate cancers are poorly understood, although it is assumed that sex hormones play a role. Disrupted sex hormone action is also bel"
beir-PLAIN-2300,standard_hybrid,uterine cancer,open_book_qa,0.833,0.227,1.000,"Background. Flax is a food and dietary supplement commonly used for menopausal symptoms. Flax is known for its lignan, α-linolenic acid, and fiber content, components that may possess phytogestrogenic"
beir-PLAIN-2300,standard_no_rerank,uterine cancer,open_book_qa,0.333,0.227,1.000,"The current trends of increasing incidences of testis, breast and prostate cancers are poorly understood, although it is assumed that sex hormones play a role. Disrupted sex hormone action is also bel"
beir-PLAIN-2310,naive_dense_only,Vaseline,open_book_qa,0.333,0.833,1.000,"OBJECTIVE: Human papillomavirus (HPV) infections remain a leading cause of mortality worldwide. In the U.S. strategies via screening and vaccination prevent HPV-associated cervical neoplasms, but cons"
beir-PLAIN-2310,standard_hybrid,Vaseline,open_book_qa,0.333,0.833,1.000,"OBJECTIVE: Human papillomavirus (HPV) infections remain a leading cause of mortality worldwide. In the U.S. strategies via screening and vaccination prevent HPV-associated cervical neoplasms, but cons"
beir-PLAIN-2310,standard_no_rerank,Vaseline,open_book_qa,0.333,0.833,1.000,"OBJECTIVE: Human papillomavirus (HPV) infections remain a leading cause of mortality worldwide. In the U.S. strategies via screening and vaccination prevent HPV-associated cervical neoplasms, but cons"
beir-PLAIN-2320,naive_dense_only,veggie burgers,open_book_qa,0.333,0.081,1.000,The treatment of bacterial infections is increasingly complicated by the ability of bacteria to develop resistance to antimicrobial agents. Antimicrobial agents are often categorized according to thei
beir-PLAIN-2320,standard_hybrid,veggie burgers,open_book_qa,0.333,0.081,1.000,"The effect of dietary protein on the level of plasma cholesterol in young, healthy, normolipidemic women was investigated in two separate studies by feeding either a conventional diet containing mixed"
beir-PLAIN-2320,standard_no_rerank,veggie burgers,open_book_qa,0.333,0.081,1.000,The treatment of bacterial infections is increasingly complicated by the ability of bacteria to develop resistance to antimicrobial agents. Antimicrobial agents are often categorized according to thei
beir-PLAIN-2331,naive_dense_only,Vioxx,open_book_qa,0.333,0.556,1.000,"COX-1 and COX-2 are two cyclooxygenase enzymes responsible for prostanoid production. COX-2 is expressed in inflammatory cells and fibroblasts of the gastric mucosa, and through the production of vari"
beir-PLAIN-2331,standard_hybrid,Vioxx,open_book_qa,0.733,0.556,1.000,"In 1999, drug manufacturers introduced a class of NSAIDs called COX-2 inhibitors or coxibs. The drugs were avidly promoted directly to the consumers and became bestsellers from the start. Arthritis su"
beir-PLAIN-2331,standard_no_rerank,Vioxx,open_book_qa,0.333,0.556,1.000,"COX-1 and COX-2 are two cyclooxygenase enzymes responsible for prostanoid production. COX-2 is expressed in inflammatory cells and fibroblasts of the gastric mucosa, and through the production of vari"
beir-PLAIN-2342,naive_dense_only,vitamin E,open_book_qa,0.333,0.077,1.000,OBJECTIVE: Determine 1) if consumption of a meal of different fruits or berries increases plasma hydrophilic (H-) or lipophilic (L-) antioxidant capacity (AOC) measured as Oxygen Radical Absorbance Ca
beir-PLAIN-2342,standard_hybrid,vitamin E,open_book_qa,1.000,0.077,1.000,We examined the relationship of elevated depressive symptoms with antioxidant status. Cross-sectional data from the National Health and Nutrition Examination Surveys 2005–06 on US adults aged 20–85 ye
beir-PLAIN-2342,standard_no_rerank,vitamin E,open_book_qa,0.333,0.077,1.000,OBJECTIVE: Determine 1) if consumption of a meal of different fruits or berries increases plasma hydrophilic (H-) or lipophilic (L-) antioxidant capacity (AOC) measured as Oxygen Radical Absorbance Ca
beir-PLAIN-2353,naive_dense_only,walnut,open_book_qa,0.333,0.833,1.000,"Background Studies have shown that pistachios can improve blood lipid profiles in subjects with moderate hypercholesterolemia which could reduce the risk of cardiovascular disease. However, there is a"
beir-PLAIN-2353,standard_hybrid,walnut,open_book_qa,0.333,0.833,1.000,"Background Studies have shown that pistachios can improve blood lipid profiles in subjects with moderate hypercholesterolemia which could reduce the risk of cardiovascular disease. However, there is a"
beir-PLAIN-2353,standard_no_rerank,walnut,open_book_qa,0.333,0.833,1.000,"Background Studies have shown that pistachios can improve blood lipid profiles in subjects with moderate hypercholesterolemia which could reduce the risk of cardiovascular disease. However, there is a"
beir-PLAIN-2363,naive_dense_only,weeds,open_book_qa,0.333,1.000,1.000,Aim: To determine the risk of lung cancer associated with cannabis smoking. Methods: A case-control study of lung cancer in adults ≤55 years of age was conducted in eight district health boards in New
beir-PLAIN-2363,standard_hybrid,weeds,open_book_qa,0.333,1.000,1.000,Aim: To determine the risk of lung cancer associated with cannabis smoking. Methods: A case-control study of lung cancer in adults ≤55 years of age was conducted in eight district health boards in New
beir-PLAIN-2363,standard_no_rerank,weeds,open_book_qa,0.333,1.000,1.000,Aim: To determine the risk of lung cancer associated with cannabis smoking. Methods: A case-control study of lung cancer in adults ≤55 years of age was conducted in eight district health boards in New
beir-PLAIN-2374,naive_dense_only,Whitecoat project,open_book_qa,0.333,1.000,1.000,"Short abstract Campaigns to promote healthy eating are undermined by the ubiquity of processed, energy dense foods. A global strategy is now needed to tackle the rising prevalence of obesity Backgroun"
beir-PLAIN-2374,standard_hybrid,Whitecoat project,open_book_qa,0.333,1.000,1.000,"Short abstract Campaigns to promote healthy eating are undermined by the ubiquity of processed, energy dense foods. A global strategy is now needed to tackle the rising prevalence of obesity Backgroun"
beir-PLAIN-2374,standard_no_rerank,Whitecoat project,open_book_qa,0.333,1.000,1.000,"Short abstract Campaigns to promote healthy eating are undermined by the ubiquity of processed, energy dense foods. A global strategy is now needed to tackle the rising prevalence of obesity Backgroun"
beir-PLAIN-2385,naive_dense_only,World Health Organization,open_book_qa,0.511,0.032,1.000,"The use of turmeric, derived from the root of the plant Curcuma longa, for treatment of different inflammatory diseases has been described in Ayurveda and in traditional Chinese medicine for thousands"
beir-PLAIN-2385,standard_hybrid,World Health Organization,open_book_qa,1.000,0.032,1.000,"Objectives To compare the energy and macronutrient content of main meals created by television chefs with ready meals sold by supermarkets, and to compare both with nutritional guidelines published by"
beir-PLAIN-2385,standard_no_rerank,World Health Organization,open_book_qa,0.400,0.032,1.000,"The use of turmeric, derived from the root of the plant Curcuma longa, for treatment of different inflammatory diseases has been described in Ayurveda and in traditional Chinese medicine for thousands"
beir-PLAIN-2395,naive_dense_only,xylitol,open_book_qa,0.333,0.312,1.000,"OBJECTIVE: Fructose intake has increased considerably in the United States, primarily as a result of increased consumption of high-fructose corn syrup, fruits and juices, and crystalline fructose. The"
beir-PLAIN-2395,standard_hybrid,xylitol,open_book_qa,0.733,0.312,1.000,Homeopathic globules are frequently used in children as a first-line treatment. Most of these globules are coated with sugar substitutes like xylitol; these substitutes are known for their laxative ef
beir-PLAIN-2395,standard_no_rerank,xylitol,open_book_qa,0.333,0.312,1.000,"OBJECTIVE: Fructose intake has increased considerably in the United States, primarily as a result of increased consumption of high-fructose corn syrup, fruits and juices, and crystalline fructose. The"
beir-PLAIN-2407,naive_dense_only,zingerone,open_book_qa,0.733,0.455,1.000,Zingerone a dietary compound was investigated for its ability to protect against radiation induced genotoxicity and apoptosis in human lymphocytes growing in vitro. The radiation antagonistic potentia
beir-PLAIN-2407,standard_hybrid,zingerone,open_book_qa,0.800,0.455,1.000,"Radiation is an important modality in treating people with cancer especially when surgical intervention is impracticable or might debilitate the patient. However, effective use of ionizing radiation i"
beir-PLAIN-2407,standard_no_rerank,zingerone,open_book_qa,0.733,0.455,1.000,Zingerone a dietary compound was investigated for its ability to protect against radiation induced genotoxicity and apoptosis in human lymphocytes growing in vitro. The radiation antagonistic potentia
beir-PLAIN-2429,naive_dense_only,Diverticulosis: When Our Most Common Gut Disorder Hardly Existed,open_book_qa,0.711,0.833,1.000,Introduction: Much of our knowledge and treatment of complicated diverticulitis (CD) are based on outdated literature reporting mortality rates of 10%. Practice parameters recommend elective resection
beir-PLAIN-2429,standard_hybrid,Diverticulosis: When Our Most Common Gut Disorder Hardly Existed,open_book_qa,0.778,0.833,1.000,"Background & Aims Asymptomatic diverticulosis is commonly attributed to constipation secondary to a low-fiber diet, although evidence for this mechanism is limited. We examined the associations betwee"
beir-PLAIN-2429,standard_no_rerank,Diverticulosis: When Our Most Common Gut Disorder Hardly Existed,open_book_qa,0.674,0.833,1.000,Introduction: Much of our knowledge and treatment of complicated diverticulitis (CD) are based on outdated literature reporting mortality rates of 10%. Practice parameters recommend elective resection
beir-PLAIN-2439,naive_dense_only,From Table to Able: Combating Disabling Diseases with Food,open_book_qa,0.725,0.238,1.000,"BACKGROUND/AIMS: This study aimed to investigate the quantitative and qualitative changes of bacteria, Bacteroides, Bifidobacterium and Clostridium cluster IV in faecal microbiota associated with a ve"
beir-PLAIN-2439,standard_hybrid,From Table to Able: Combating Disabling Diseases with Food,open_book_qa,0.833,0.238,1.000,OBJECTIVE: To investigate the associations between dietary patterns and mental health in early adolescence. METHOD: The Western Australian Pregnancy Cohort (Raine) Study is a prospective study of 2900
beir-PLAIN-2439,standard_no_rerank,From Table to Able: Combating Disabling Diseases with Food,open_book_qa,0.683,0.238,1.000,"BACKGROUND/AIMS: This study aimed to investigate the quantitative and qualitative changes of bacteria, Bacteroides, Bifidobacterium and Clostridium cluster IV in faecal microbiota associated with a ve"
beir-PLAIN-2449,naive_dense_only,How to Make Your Own Fruit and Vegetable Wash,open_book_qa,0.333,0.417,1.000,In 1997 this laboratory initiated a research program with the objective of examining the effect that rinsing of produce with tap water would have on pesticide residues. Samples were obtained from loca
beir-PLAIN-2449,standard_hybrid,How to Make Your Own Fruit and Vegetable Wash,open_book_qa,0.333,0.417,1.000,In 1997 this laboratory initiated a research program with the objective of examining the effect that rinsing of produce with tap water would have on pesticide residues. Samples were obtained from loca
beir-PLAIN-2449,standard_no_rerank,How to Make Your Own Fruit and Vegetable Wash,open_book_qa,0.333,0.417,1.000,In 1997 this laboratory initiated a research program with the objective of examining the effect that rinsing of produce with tap water would have on pesticide residues. Samples were obtained from loca
beir-PLAIN-2459,naive_dense_only,How to Prevent a Stroke,open_book_qa,0.822,0.100,1.000,"BACKGROUND: Fiber intake is associated with lower cardiovascular disease risk. Whether arterial stiffness is influenced by lifetime fiber intake is not known. Any such association could explain, at le"
beir-PLAIN-2459,standard_hybrid,How to Prevent a Stroke,open_book_qa,0.889,0.100,1.000,OBJECTIVES: The objective of this study was to assess the relation between the level of habitual potassium intake and the incidence of cardiovascular disease (CVD). BACKGROUND: Prospective cohort stud
beir-PLAIN-2459,standard_no_rerank,How to Prevent a Stroke,open_book_qa,0.822,0.100,1.000,"BACKGROUND: Fiber intake is associated with lower cardiovascular disease risk. Whether arterial stiffness is influenced by lifetime fiber intake is not known. Any such association could explain, at le"
beir-PLAIN-2469,naive_dense_only,"If White Rice is Linked to Diabetes, What About China?",open_book_qa,0.944,0.067,1.000,"BACKGROUND: Rice consumption has been associated with risk of type 2 diabetes, but its relation with cardiovascular disease (CVD) is limited. OBJECTIVE: We examined the association between rice consum"
beir-PLAIN-2469,standard_hybrid,"If White Rice is Linked to Diabetes, What About China?",open_book_qa,0.889,0.067,1.000,"AIMS: Diabetes rates are especially high in China. Risk of Type 2 diabetes increases with high intakes of white rice, a staple food of Chinese people. Ethnic differences in postprandial glycaemia have"
beir-PLAIN-2469,standard_no_rerank,"If White Rice is Linked to Diabetes, What About China?",open_book_qa,0.944,0.067,1.000,"BACKGROUND: Rice consumption has been associated with risk of type 2 diabetes, but its relation with cardiovascular disease (CVD) is limited. OBJECTIVE: We examined the association between rice consum"
beir-PLAIN-2479,naive_dense_only,Stool pH and Colon Cancer,open_book_qa,0.867,0.100,1.000,"Mean faecal pH values did not differ significantly in groups of rural South African Black schoolchildren of 10--12 years who ate their traditional high-fibre low-fat diet, and urban dwellers who consu"
beir-PLAIN-2479,standard_hybrid,Stool pH and Colon Cancer,open_book_qa,0.889,0.100,1.000,Considerable evidence suggests that the carcinogens or co-carcinogens responsible for the development of colorectal cancer are either bacterially degraded bile acids or cholesterol. It is proposed tha
beir-PLAIN-2479,standard_no_rerank,Stool pH and Colon Cancer,open_book_qa,0.756,0.100,1.000,"Mean faecal pH values did not differ significantly in groups of rural South African Black schoolchildren of 10--12 years who ate their traditional high-fibre low-fat diet, and urban dwellers who consu"
beir-PLAIN-2489,naive_dense_only,Why Prevention is Worth a Ton of Cure,open_book_qa,0.533,0.833,1.000,"PURPOSE An informed decision to accept a health care intervention requires an understanding of its likely benefit. This study assessed participants' estimates of the benefit, as well as minimum accept"
beir-PLAIN-2489,standard_hybrid,Why Prevention is Worth a Ton of Cure,open_book_qa,0.533,0.833,1.000,SYNOPSIS Objective The purpose of this study was to provide a national estimate of the number of healthcare-associated infections (HAI) and deaths in United States hospitals. Methods No single source 
beir-PLAIN-2489,standard_no_rerank,Why Prevention is Worth a Ton of Cure,open_book_qa,0.533,0.833,1.000,"PURPOSE An informed decision to accept a health care intervention requires an understanding of its likely benefit. This study assessed participants' estimates of the benefit, as well as minimum accept"
beir-PLAIN-2499,naive_dense_only,The Saturated Fat Studies: Set Up to Fail,open_book_qa,0.733,0.455,1.000,"In a controlled trial, 21 strict vegetarians were studied prospectively for eight weeks: a two-week control period of the usual vegetarian diet was followed by four weeks, during which 250 g of beef w"
beir-PLAIN-2499,standard_hybrid,The Saturated Fat Studies: Set Up to Fail,open_book_qa,0.867,0.455,1.000,"BACKGROUND: Reduction or modification of dietary fat can improve total cholesterol levels, but may also have a variety of effects, both positive and negative, on other cardiovascular risk factors. OBJ"
beir-PLAIN-2499,standard_no_rerank,The Saturated Fat Studies: Set Up to Fail,open_book_qa,0.733,0.455,1.000,"In a controlled trial, 21 strict vegetarians were studied prospectively for eight weeks: a two-week control period of the usual vegetarian diet was followed by four weeks, during which 250 g of beef w"
beir-PLAIN-2509,naive_dense_only,Chicken Big: Poultry and Obesity,open_book_qa,0.917,0.122,1.000,"BACKGROUND: Meat intake may be related to weight gain because of its high energy and fat content. Some observational studies have shown that meat consumption is positively associated with weight gain,"
beir-PLAIN-2509,standard_hybrid,Chicken Big: Poultry and Obesity,open_book_qa,0.917,0.122,1.000,"OBJECTIVE: In 1976, the Royal College of Physicians and the British Cardiac Society recommended eating less fatty red meat and more poultry instead because it was lean. However, the situation has chan"
beir-PLAIN-2509,standard_no_rerank,Chicken Big: Poultry and Obesity,open_book_qa,0.917,0.122,1.000,"BACKGROUND: Meat intake may be related to weight gain because of its high energy and fat content. Some observational studies have shown that meat consumption is positively associated with weight gain,"
beir-PLAIN-2519,naive_dense_only,How Much Added Sugar Is Too Much?,open_book_qa,0.733,0.238,1.000,"The glycemic index was proposed in 1981 as an alternative system for classifying carbohydrate-containing food. Since then, several hundred scientific articles and numerous popular diet books have been"
beir-PLAIN-2519,standard_hybrid,How Much Added Sugar Is Too Much?,open_book_qa,0.800,0.238,1.000,"Sugar-sweetened drinks have been associated with several health problems. In the point narrative as presented below, we provide our opinion and review of the data to date that we need to reconsider co"
beir-PLAIN-2519,standard_no_rerank,How Much Added Sugar Is Too Much?,open_book_qa,0.733,0.238,1.000,"The glycemic index was proposed in 1981 as an alternative system for classifying carbohydrate-containing food. Since then, several hundred scientific articles and numerous popular diet books have been"
beir-PLAIN-2529,naive_dense_only,Juicing Removes More Than Just Fiber,open_book_qa,0.767,0.185,1.000,"SCOPE: Dietary polyphenols (PP) can be divided into two groups: extractable polyphenols (EPP) or compounds solubilized by aqueous organic solvents, and nonextractable polyphenols (NEPP) or compounds t"
beir-PLAIN-2529,standard_hybrid,Juicing Removes More Than Just Fiber,open_book_qa,0.833,0.185,1.000,"To prevent or delay the occurrence of chronic diseases, scientific bodies from the cardiologic and oncologic disciplines have made recommendations regarding the daily dietary intake of certain macro- "
beir-PLAIN-2529,standard_no_rerank,Juicing Removes More Than Just Fiber,open_book_qa,0.711,0.185,1.000,"SCOPE: Dietary polyphenols (PP) can be divided into two groups: extractable polyphenols (EPP) or compounds solubilized by aqueous organic solvents, and nonextractable polyphenols (NEPP) or compounds t"
beir-PLAIN-2539,naive_dense_only,Cooked Beans or Sprouted Beans?,open_book_qa,0.689,0.116,1.000,"Legumes are the basés diet in several countries. They hold a high nutritional value, but other properties related to human health are nowadays being studied. The aim of this work was to study the infl"
beir-PLAIN-2539,standard_hybrid,Cooked Beans or Sprouted Beans?,open_book_qa,0.889,0.116,1.000,"Legumes are the basés diet in several countries. They hold a high nutritional value, but other properties related to human health are nowadays being studied. The aim of this work was to study the infl"
beir-PLAIN-2539,standard_no_rerank,Cooked Beans or Sprouted Beans?,open_book_qa,0.689,0.116,1.000,"Legumes are the basés diet in several countries. They hold a high nutritional value, but other properties related to human health are nowadays being studied. The aim of this work was to study the infl"
beir-PLAIN-2549,naive_dense_only,How the Egg Board Designs Misleading Studies,open_book_qa,0.644,0.625,1.000,Attempts to estimate the effects of dietary cholesterol on serum cholesterol by meta-analysis have not previously included baseline together with added dietary cholesterol in a mathematical model. Mea
beir-PLAIN-2549,standard_hybrid,How the Egg Board Designs Misleading Studies,open_book_qa,0.778,0.625,1.000,OBJECTIVES: To assess the dose-response relationship between egg consumption and the risk of cardiovascular diseases (CVD) and diabetes. METHODS: We systematically searched MEDLINE database through De
beir-PLAIN-2549,standard_no_rerank,How the Egg Board Designs Misleading Studies,open_book_qa,0.589,0.625,1.000,Attempts to estimate the effects of dietary cholesterol on serum cholesterol by meta-analysis have not previously included baseline together with added dietary cholesterol in a mathematical model. Mea
beir-PLAIN-2559,naive_dense_only,Treating Hepatitis C with Chlorella,open_book_qa,0.783,0.132,1.000,"An ever-growing volume of peer-reviewed publications speaks to the recent and rapid growth in both scope and understanding of exercise immunology. Indeed, more than 95% of all peer-reviewed publicatio"
beir-PLAIN-2559,standard_hybrid,Treating Hepatitis C with Chlorella,open_book_qa,0.917,0.132,1.000,AIM: To evaluate the safety and efficacy of Chlorella in 18 patients chronically infected with hepatitis C virus (HCV) genotype 1. METHODS: Eighteen adults with chronic infection by HCV genotype 1 rec
beir-PLAIN-2559,standard_no_rerank,Treating Hepatitis C with Chlorella,open_book_qa,0.617,0.132,1.000,"An ever-growing volume of peer-reviewed publications speaks to the recent and rapid growth in both scope and understanding of exercise immunology. Indeed, more than 95% of all peer-reviewed publicatio"
beir-PLAIN-2569,naive_dense_only,Prevent Cancer From Going on TOR,open_book_qa,0.667,0.128,1.000,The mammalian target of rapamycin (mTOR) is a conserved protein kinase involved in a multitude of cellular processes including cell growth. Increased mTOR activation is observed in multiple human canc
beir-PLAIN-2569,standard_hybrid,Prevent Cancer From Going on TOR,open_book_qa,0.867,0.128,1.000,"In metazoans, TOR is an essential protein that functions as a master regulator of cellular growth and proliferation. Over the past decade, there has been an explosion of information about this critica"
beir-PLAIN-2569,standard_no_rerank,Prevent Cancer From Going on TOR,open_book_qa,0.467,0.128,1.000,The mammalian target of rapamycin (mTOR) is a conserved protein kinase involved in a multitude of cellular processes including cell growth. Increased mTOR activation is observed in multiple human canc
beir-PLAIN-2579,naive_dense_only,Alzheimer’s Disease: Grain Brain or Meathead?,open_book_qa,0.733,0.128,1.000,BACKGROUND: China is increasingly facing the challenge of control of the growing burden of non-communicable diseases. We assessed the epidemiology of Alzheimer's disease and other forms of dementia in
beir-PLAIN-2579,standard_hybrid,Alzheimer’s Disease: Grain Brain or Meathead?,open_book_qa,0.867,0.128,1.000,Background Alzheimer's disease (AD) is characterized by early and region-specific declines in cerebral glucose metabolism. Ketone bodies are produced by the body during glucose deprivation and are met
beir-PLAIN-2579,standard_no_rerank,Alzheimer’s Disease: Grain Brain or Meathead?,open_book_qa,0.733,0.128,1.000,BACKGROUND: China is increasingly facing the challenge of control of the growing burden of non-communicable diseases. We assessed the epidemiology of Alzheimer's disease and other forms of dementia in
beir-PLAIN-2589,naive_dense_only,Anti-inflammatory Life is a Bowl of Cherries,open_book_qa,0.800,0.076,1.000,"COX-1 and COX-2 are two cyclooxygenase enzymes responsible for prostanoid production. COX-2 is expressed in inflammatory cells and fibroblasts of the gastric mucosa, and through the production of vari"
beir-PLAIN-2589,standard_hybrid,Anti-inflammatory Life is a Bowl of Cherries,open_book_qa,0.867,0.076,1.000,"To assess the physiologic effects of cherry consumption, we measured plasma urate, antioxidant and inflammatory markers in 10 healthy women who consumed Bing sweet cherries. The women, age 22-40 y, co"
beir-PLAIN-2589,standard_no_rerank,Anti-inflammatory Life is a Bowl of Cherries,open_book_qa,0.800,0.076,1.000,"COX-1 and COX-2 are two cyclooxygenase enzymes responsible for prostanoid production. COX-2 is expressed in inflammatory cells and fibroblasts of the gastric mucosa, and through the production of vari"
beir-PLAIN-2599,naive_dense_only,Alpha Gal and the Lone Star Tick,open_book_qa,0.800,0.070,1.000,Anti-Gal is a natural Ab abundantly produced in humans. It interacts specifically with the carbohydrate epitope Gal alpha 1-3Gal beta 1-4GlcNAc-R (termed the alpha-galactosyl epitope). This epitope is
beir-PLAIN-2599,standard_hybrid,Alpha Gal and the Lone Star Tick,open_book_qa,1.000,0.070,1.000,"Anaphylaxis is a severe allergic reaction that can be rapidly progressing and fatal. In instances where the triggering allergen is not known, establishing the etiology of anaphylaxis is pivotal to lon"
beir-PLAIN-2599,standard_no_rerank,Alpha Gal and the Lone Star Tick,open_book_qa,0.733,0.070,1.000,Anti-Gal is a natural Ab abundantly produced in humans. It interacts specifically with the carbohydrate epitope Gal alpha 1-3Gal beta 1-4GlcNAc-R (termed the alpha-galactosyl epitope). This epitope is
beir-PLAIN-2609,naive_dense_only,Treating Asthma and Eczema With Plant-Based Diets,open_book_qa,0.857,0.051,1.000,"Many patients with atopic dermatitis are dissatisfied with conventional treatments based on topical steroids and have experienced some traditional remedies and alternative therapies. However, most of "
beir-PLAIN-2609,standard_hybrid,Treating Asthma and Eczema With Plant-Based Diets,open_book_qa,0.952,0.051,1.000,"The International Study of Asthma and Allergies in Childhood (ISAAC) Phase One showed large worldwide variations in the prevalence of symptoms of asthma, rhinoconjunctivitis and eczema, up to 10 to 20"
beir-PLAIN-2609,standard_no_rerank,Treating Asthma and Eczema With Plant-Based Diets,open_book_qa,0.810,0.051,1.000,"Many patients with atopic dermatitis are dissatisfied with conventional treatments based on topical steroids and have experienced some traditional remedies and alternative therapies. However, most of "
beir-PLAIN-2619,naive_dense_only,Fully Consensual Heart Disease Treatment,open_book_qa,0.800,0.278,1.000,"Following a heart-healthy diet to lower cholesterol levels is often assumed to be difficult, to be burdensome, and to have a negative impact on quality of life (QOL). The purpose of this study was to "
beir-PLAIN-2619,standard_hybrid,Fully Consensual Heart Disease Treatment,open_book_qa,0.867,0.278,1.000,AIMS: Guidelines for cardiovascular disease (CVD) prevention cite high levels of low-density lipoprotein cholesterol (LDL-C) as a major risk factor and recommend LDL-C goals for various risk groups. L
beir-PLAIN-2619,standard_no_rerank,Fully Consensual Heart Disease Treatment,open_book_qa,0.800,0.278,1.000,"Following a heart-healthy diet to lower cholesterol levels is often assumed to be difficult, to be burdensome, and to have a negative impact on quality of life (QOL). The purpose of this study was to "
beir-PLAIN-2629,naive_dense_only,Dietary Sources of Alkylphenol Endocrine Disruptors,open_book_qa,0.800,0.049,1.000,Interest has increased in the possibility that maternal dietary intake during pregnancy might influence the development of allergic disorders in children. The present prospective study examined the as
beir-PLAIN-2629,standard_hybrid,Dietary Sources of Alkylphenol Endocrine Disruptors,open_book_qa,0.933,0.049,1.000,"The incidence and/or prevalence of health problems associated with endocrine-disruption have increased. Many chemicals have endocrine-disrupting properties, including bisphenol A, some organochlorines"
beir-PLAIN-2629,standard_no_rerank,Dietary Sources of Alkylphenol Endocrine Disruptors,open_book_qa,0.800,0.049,1.000,Interest has increased in the possibility that maternal dietary intake during pregnancy might influence the development of allergic disorders in children. The present prospective study examined the as
beir-PLAIN-2639,naive_dense_only,Who Determines if Food Additives are Safe?,open_book_qa,0.867,0.068,1.000,"IMPORTANCE: Food and Drug Administration (FDA) guidance allows food manufacturers to determine whether additives to food are ""generally recognized as safe"" (GRAS). Manufacturers are not required to no"
beir-PLAIN-2639,standard_hybrid,Who Determines if Food Additives are Safe?,open_book_qa,0.933,0.068,1.000,"IMPORTANCE: Food and Drug Administration (FDA) guidance allows food manufacturers to determine whether additives to food are ""generally recognized as safe"" (GRAS). Manufacturers are not required to no"
beir-PLAIN-2639,standard_no_rerank,Who Determines if Food Additives are Safe?,open_book_qa,0.867,0.068,1.000,"IMPORTANCE: Food and Drug Administration (FDA) guidance allows food manufacturers to determine whether additives to food are ""generally recognized as safe"" (GRAS). Manufacturers are not required to no"
beir-PLAIN-2649,naive_dense_only,Boosting the Bioavailability of Curcumin,open_book_qa,0.756,0.179,1.000,"The management of osteoarthritis represents a real challenge. This complex and multi-factorial disease evolves over decades and requires not only the alleviation of symptoms, i.e. pain and joint funct"
beir-PLAIN-2649,standard_hybrid,Boosting the Bioavailability of Curcumin,open_book_qa,0.889,0.179,1.000,"Curcumin, a polyphenolic compound derived from dietary spice turmeric, possesses diverse pharmacologic effects including anti-inflammatory, antioxidant, antiproliferative and antiangiogenic activities"
beir-PLAIN-2649,standard_no_rerank,Boosting the Bioavailability of Curcumin,open_book_qa,0.756,0.179,1.000,"The management of osteoarthritis represents a real challenge. This complex and multi-factorial disease evolves over decades and requires not only the alleviation of symptoms, i.e. pain and joint funct"
beir-PLAIN-2659,naive_dense_only,Greens vs. Glaucoma,open_book_qa,0.867,0.625,1.000,"The relation between dietary antioxidant intake and primary open-angle glaucoma risk was examined in participants aged over 40 years in the Nurses' Health Study (n = 76,200) and the Health Professiona"
beir-PLAIN-2659,standard_hybrid,Greens vs. Glaucoma,open_book_qa,0.933,0.625,1.000,Purpose To explore the association between consumption of fruits and vegetables and the presence of glaucoma in older African American women. Design Cross-sectional study. Methods Disc photographs and
beir-PLAIN-2659,standard_no_rerank,Greens vs. Glaucoma,open_book_qa,0.700,0.625,1.000,"The relation between dietary antioxidant intake and primary open-angle glaucoma risk was examined in participants aged over 40 years in the Nurses' Health Study (n = 76,200) and the Health Professiona"
beir-PLAIN-2669,naive_dense_only,Autopsy of Chicken Nuggets,open_book_qa,0.689,0.091,1.000,PURPOSE: To determine the contents of chicken nuggets from 2 national food chains. BACKGROUND: Chicken nuggets have become a major component of the American diet. We sought to determine the current co
beir-PLAIN-2669,standard_hybrid,Autopsy of Chicken Nuggets,open_book_qa,0.889,0.091,1.000,PURPOSE: To determine the contents of chicken nuggets from 2 national food chains. BACKGROUND: Chicken nuggets have become a major component of the American diet. We sought to determine the current co
beir-PLAIN-2669,standard_no_rerank,Autopsy of Chicken Nuggets,open_book_qa,0.689,0.091,1.000,PURPOSE: To determine the contents of chicken nuggets from 2 national food chains. BACKGROUND: Chicken nuggets have become a major component of the American diet. We sought to determine the current co
beir-PLAIN-2679,naive_dense_only,Phosphate Additives in Meat Purge and Cola,open_book_qa,0.733,0.125,1.000,Objective To determine the prevalence of phosphorus-containing food additives in best selling processed grocery products and to compare the phosphorus content of a subset of top selling foods with and
beir-PLAIN-2679,standard_hybrid,Phosphate Additives in Meat Purge and Cola,open_book_qa,0.933,0.125,1.000,Background and objectives: Uncooked meat and poultry products are commonly enhanced by food processors using phosphate salts. The addition of potassium and phosphorus to these foods has been recognize
beir-PLAIN-2679,standard_no_rerank,Phosphate Additives in Meat Purge and Cola,open_book_qa,0.733,0.125,1.000,Objective To determine the prevalence of phosphorus-containing food additives in best selling processed grocery products and to compare the phosphorus content of a subset of top selling foods with and
beir-PLAIN-2689,naive_dense_only,Enhanced Athletic Recovery Without Undermining Adaptation,open_book_qa,0.644,0.119,1.000,"Exercise-induced oxidative stress is instrumental in achieving the health benefits from regular exercise. Therefore, inappropriate use of fruit-derived products (commonly applied as prophalytic antiox"
beir-PLAIN-2689,standard_hybrid,Enhanced Athletic Recovery Without Undermining Adaptation,open_book_qa,0.833,0.119,1.000,"Intense exercise is directly related to muscular damage and oxidative stress due to excessive reactive oxygen species (ROS) in both, plasma and white blood cells. Nevertheless, exercise-derived ROS ar"
beir-PLAIN-2689,standard_no_rerank,Enhanced Athletic Recovery Without Undermining Adaptation,open_book_qa,0.644,0.119,1.000,"Exercise-induced oxidative stress is instrumental in achieving the health benefits from regular exercise. Therefore, inappropriate use of fruit-derived products (commonly applied as prophalytic antiox"
beir-PLAIN-2699,naive_dense_only,Treating Multiple Sclerosis With the Swank MS Diet,open_book_qa,0.889,0.156,1.000,"Objective: The chemotherapeutic agent mitoxantrone was approved for use in multiple sclerosis (MS) in 2000. After a review of all the available evidence, the original report of the Therapeutics and Te"
beir-PLAIN-2699,standard_hybrid,Treating Multiple Sclerosis With the Swank MS Diet,open_book_qa,0.889,0.156,1.000,"144 multiple sclerosis patients took a low-fat diet for 34 years. For each of three categories of neurological disability (minimum, moderate, severe) patients who adhered to the prescribed diet (less "
beir-PLAIN-2699,standard_no_rerank,Treating Multiple Sclerosis With the Swank MS Diet,open_book_qa,0.889,0.156,1.000,"Objective: The chemotherapeutic agent mitoxantrone was approved for use in multiple sclerosis (MS) in 2000. After a review of all the available evidence, the original report of the Therapeutics and Te"
beir-PLAIN-2709,naive_dense_only,Tricks to Get Kids to Eat Healthier at School,open_book_qa,0.644,0.312,1.000,"Background: Strategies are needed to increase children's intake of a variety of vegetables, including vegetables that are not well liked. Objective: We investigated whether incorporating puréed vegeta"
beir-PLAIN-2709,standard_hybrid,Tricks to Get Kids to Eat Healthier at School,open_book_qa,0.778,0.312,1.000,"Background: Strategies are needed to increase children's intake of a variety of vegetables, including vegetables that are not well liked. Objective: We investigated whether incorporating puréed vegeta"
beir-PLAIN-2709,standard_no_rerank,Tricks to Get Kids to Eat Healthier at School,open_book_qa,0.644,0.312,1.000,"Background: Strategies are needed to increase children's intake of a variety of vegetables, including vegetables that are not well liked. Objective: We investigated whether incorporating puréed vegeta"
beir-PLAIN-2719,naive_dense_only,Reducing Muscle Fatigue With Citrus,open_book_qa,0.933,0.208,1.000,The effects of antioxidant diet supplements on blood lactate concentration and on the aerobic and anaerobic thresholds and their adaptations to training were analysed. Fifteen amateur male athletes we
beir-PLAIN-2719,standard_hybrid,Reducing Muscle Fatigue With Citrus,open_book_qa,0.933,0.208,1.000,"OBJECTIVE: This study investigated how consumption of orange juice associated with aerobic training affected serum lipids and physical characteristics of overweight, middle-aged women. METHODS: The ex"
beir-PLAIN-2719,standard_no_rerank,Reducing Muscle Fatigue With Citrus,open_book_qa,0.933,0.208,1.000,The effects of antioxidant diet supplements on blood lactate concentration and on the aerobic and anaerobic thresholds and their adaptations to training were analysed. Fifteen amateur male athletes we
beir-PLAIN-2729,naive_dense_only,Fighting the Blues With Greens?,open_book_qa,0.683,0.135,1.000,"The 1950s saw the clinical introduction of the first two specifically antidepressant drugs: iproniazid, a monoamine-oxidase inhibitor that had been used in the treatment of tuberculosis, and imipramin"
beir-PLAIN-2729,standard_hybrid,Fighting the Blues With Greens?,open_book_qa,0.750,0.135,1.000,"Objectives Polyphenols, natural compounds found in plant-based foods, possess special properties that can battle oxidative stress and stimulate the activation of molecules that aid in synaptic plastic"
beir-PLAIN-2729,standard_no_rerank,Fighting the Blues With Greens?,open_book_qa,0.683,0.135,1.000,"The 1950s saw the clinical introduction of the first two specifically antidepressant drugs: iproniazid, a monoamine-oxidase inhibitor that had been used in the treatment of tuberculosis, and imipramin"
beir-PLAIN-2739,naive_dense_only,Do Dental X-Rays Cause Brain Tumors?,open_book_qa,0.800,0.116,1.000,"Background: Dietary antioxidants may protect against DNA damage induced by endogenous and exogenous sources, including ionizing radiation (IR), but data from IR-exposed human populations are limited. "
beir-PLAIN-2739,standard_hybrid,Do Dental X-Rays Cause Brain Tumors?,open_book_qa,1.000,0.116,1.000,"Context Ionizing radiation is a consistently identified and potentially modifiable risk factor for meningioma, the most frequently reported primary brain tumor in the United States. Objective To exami"
beir-PLAIN-2739,standard_no_rerank,Do Dental X-Rays Cause Brain Tumors?,open_book_qa,0.667,0.116,1.000,"Background: Dietary antioxidants may protect against DNA damage induced by endogenous and exogenous sources, including ionizing radiation (IR), but data from IR-exposed human populations are limited. "
beir-PLAIN-2749,naive_dense_only,"Should Probiotics Be Taken Before, During, or After Meals?",open_book_qa,0.933,0.156,1.000,"Commercial literature on various probiotic products suggests that they can be taken before meals, during meals or after meals or even without meals. This has led to serious confusion for the industry "
beir-PLAIN-2749,standard_hybrid,"Should Probiotics Be Taken Before, During, or After Meals?",open_book_qa,1.000,0.156,1.000,"Commercial literature on various probiotic products suggests that they can be taken before meals, during meals or after meals or even without meals. This has led to serious confusion for the industry "
beir-PLAIN-2749,standard_no_rerank,"Should Probiotics Be Taken Before, During, or After Meals?",open_book_qa,0.933,0.156,1.000,"Commercial literature on various probiotic products suggests that they can be taken before meals, during meals or after meals or even without meals. This has led to serious confusion for the industry "
beir-PLAIN-2759,naive_dense_only,Breast Cancer and Alcohol: How Much is Safe?,open_book_qa,0.833,0.125,1.000,"Context Multiple studies have linked alcohol consumption to breast cancer risk, but the risk of lower levels of consumption has not been well quantified. In addition, the role of drinking patterns (i."
beir-PLAIN-2759,standard_hybrid,Breast Cancer and Alcohol: How Much is Safe?,open_book_qa,0.833,0.125,1.000,"Context Multiple studies have linked alcohol consumption to breast cancer risk, but the risk of lower levels of consumption has not been well quantified. In addition, the role of drinking patterns (i."
beir-PLAIN-2759,standard_no_rerank,Breast Cancer and Alcohol: How Much is Safe?,open_book_qa,0.833,0.125,1.000,"Context Multiple studies have linked alcohol consumption to breast cancer risk, but the risk of lower levels of consumption has not been well quantified. In addition, the role of drinking patterns (i."
beir-PLAIN-2769,naive_dense_only,The McGovern Report,open_book_qa,0.333,1.000,1.000,"Two pandemics of heart attack deaths have plagued the world's population during the past 130 years. The first pandemic, induced by beriberi, was caused by the industrial revolution altering the nutrit"
beir-PLAIN-2769,standard_hybrid,The McGovern Report,open_book_qa,0.333,1.000,1.000,"Two pandemics of heart attack deaths have plagued the world's population during the past 130 years. The first pandemic, induced by beriberi, was caused by the industrial revolution altering the nutrit"
beir-PLAIN-2769,standard_no_rerank,The McGovern Report,open_book_qa,0.333,1.000,1.000,"Two pandemics of heart attack deaths have plagued the world's population during the past 130 years. The first pandemic, induced by beriberi, was caused by the industrial revolution altering the nutrit"
beir-PLAIN-2779,naive_dense_only,Raisins vs. Jelly Beans for Athletic Performance,open_book_qa,0.944,0.278,1.000,"Seven cyclists exercised at 70% of maximal O2 uptake (VO2max) until fatigue (170 +/- 9 min) on three occasions, 1 wk apart. During these trials, plasma glucose declined from 5.0 +/- 0.1 to 3.1 +/- 0.1"
beir-PLAIN-2779,standard_hybrid,Raisins vs. Jelly Beans for Athletic Performance,open_book_qa,0.944,0.278,1.000,The purpose of this study was to examine the effects of a natural carbohydrate (CHO) source in the form of sun-dried raisins (SDRs) vs. Sports Jelly Beans™ (SJBs) on endurance performance in trained c
beir-PLAIN-2779,standard_no_rerank,Raisins vs. Jelly Beans for Athletic Performance,open_book_qa,0.944,0.278,1.000,"Seven cyclists exercised at 70% of maximal O2 uptake (VO2max) until fatigue (170 +/- 9 min) on three occasions, 1 wk apart. During these trials, plasma glucose declined from 5.0 +/- 0.1 to 3.1 +/- 0.1"
beir-PLAIN-2789,naive_dense_only,"Protein, Puberty, and Pollutants",open_book_qa,0.933,0.143,1.000,BACKGROUND: A male epidemic of ischaemic heart disease (IHD) emerges with economic development. It has previously been hypothesised that this epidemic is due to nutritionally driven levels of pubertal
beir-PLAIN-2789,standard_hybrid,"Protein, Puberty, and Pollutants",open_book_qa,0.889,0.143,1.000,"Early onset of puberty may confer adverse health consequences. Thus, modifiable factors influencing the timing of puberty are of public health interest. Childhood overweight as a factor in the earlier"
beir-PLAIN-2789,standard_no_rerank,"Protein, Puberty, and Pollutants",open_book_qa,0.822,0.143,1.000,BACKGROUND: A male epidemic of ischaemic heart disease (IHD) emerges with economic development. It has previously been hypothesised that this epidemic is due to nutritionally driven levels of pubertal
beir-PLAIN-2799,naive_dense_only,Meat Fumes: Dietary Secondhand Smoke,open_book_qa,0.800,0.179,1.000,"In the present study, 21 polycyclic aromatic hydrocarbon (PAH) congeners were measured in the exhaust stack of 3 types of restaurants: 9 Chinese, 7 Western, and 4 barbeque (BBQ). The total PAH concent"
beir-PLAIN-2799,standard_hybrid,Meat Fumes: Dietary Secondhand Smoke,open_book_qa,0.867,0.179,1.000,"We previously reported an association between prenatal exposure to airborne PAH and lower birth weight, birth length and head circumference. The main goal of the present analysis was to assess the pos"
beir-PLAIN-2799,standard_no_rerank,Meat Fumes: Dietary Secondhand Smoke,open_book_qa,0.733,0.179,1.000,"In the present study, 21 polycyclic aromatic hydrocarbon (PAH) congeners were measured in the exhaust stack of 3 types of restaurants: 9 Chinese, 7 Western, and 4 barbeque (BBQ). The total PAH concent"
beir-PLAIN-2809,naive_dense_only,Apple Skin: Peeling Back Cancer,open_book_qa,0.733,0.333,1.000,"Studies have shown an inverse relationship between the consumption of apples and the risk of several cancers. The peels of apple, which have been shown to possess exceptionally high concentrations of "
beir-PLAIN-2809,standard_hybrid,Apple Skin: Peeling Back Cancer,open_book_qa,0.867,0.333,1.000,"Apples ( MALUS sp., Rosaceae) are a rich source of nutrient as well as non-nutrient components and contain high levels of polyphenols and other phytochemicals. Main structural classes of apple constit"
beir-PLAIN-2809,standard_no_rerank,Apple Skin: Peeling Back Cancer,open_book_qa,0.733,0.333,1.000,"Studies have shown an inverse relationship between the consumption of apples and the risk of several cancers. The peels of apple, which have been shown to possess exceptionally high concentrations of "
beir-PLAIN-2819,naive_dense_only,Potassium and Autoimmune Disease,open_book_qa,0.756,0.263,1.000,Patients with rheumatoid arthritis (RA) have been described as having significantly low serum potassium concentrations than that in healthy subjects. We assessed the therapeutic efficacy and tolerabil
beir-PLAIN-2819,standard_hybrid,Potassium and Autoimmune Disease,open_book_qa,0.889,0.263,1.000,Patients with rheumatoid arthritis (RA) have been described as having significantly low serum potassium concentrations than that in healthy subjects. We assessed the therapeutic efficacy and tolerabil
beir-PLAIN-2819,standard_no_rerank,Potassium and Autoimmune Disease,open_book_qa,0.756,0.263,1.000,Patients with rheumatoid arthritis (RA) have been described as having significantly low serum potassium concentrations than that in healthy subjects. We assessed the therapeutic efficacy and tolerabil
beir-PLAIN-2829,naive_dense_only,Unsweetening the Diet,open_book_qa,0.700,0.833,1.000,Animal models suggest that sucrose activates taste afferents differently than non-caloric sweeteners. Little information exists how artificial sweeteners engage central taste pathways in the human bra
beir-PLAIN-2829,standard_hybrid,Unsweetening the Diet,open_book_qa,0.700,0.833,1.000,The present study investigated the feasibility of a new experimental approach for studying the effect of covert nutritive dilution on the spontaneous food intake of obese individuals. Eight obese subj
beir-PLAIN-2829,standard_no_rerank,Unsweetening the Diet,open_book_qa,0.700,0.833,1.000,Animal models suggest that sucrose activates taste afferents differently than non-caloric sweeteners. Little information exists how artificial sweeteners engage central taste pathways in the human bra
beir-PLAIN-2839,naive_dense_only,Side-Effect of Fenugreek Consumption,open_book_qa,0.833,1.000,1.000,"Fenugreek, maple syrup and the urine of maple syrup urine disease (MSUD) patients all share a characteristic odour originating from a common component, sotolone. Ingestion of fenugreek by mothers duri"
beir-PLAIN-2839,standard_hybrid,Side-Effect of Fenugreek Consumption,open_book_qa,0.833,1.000,1.000,Kidney stones are increasingly common in wealthy industrialized countries. The most frequent form (80%) is idiopathic calcium stone disease. Eating habits and lifestyle have a direct effect on the lit
beir-PLAIN-2839,standard_no_rerank,Side-Effect of Fenugreek Consumption,open_book_qa,0.833,1.000,1.000,"Fenugreek, maple syrup and the urine of maple syrup urine disease (MSUD) patients all share a characteristic odour originating from a common component, sotolone. Ingestion of fenugreek by mothers duri"
beir-PLAIN-2849,naive_dense_only,Protein and Heart Disease,open_book_qa,0.933,1.000,1.000,The prevalence of cardiovascular disease as the leading cause of morbidity and mortality is increasing worldwide. This fact is mainly attributed to the modern lifestyle with predominant characteristic
beir-PLAIN-2849,standard_hybrid,Protein and Heart Disease,open_book_qa,0.822,1.000,1.000,"In a group of patients dying suddenly from ischemic heart disease, the uninfarcted heart muscle contained significantly lower concentrations of magnesium, iron, and potassium and a significantly highe"
beir-PLAIN-2849,standard_no_rerank,Protein and Heart Disease,open_book_qa,0.822,1.000,1.000,The prevalence of cardiovascular disease as the leading cause of morbidity and mortality is increasing worldwide. This fact is mainly attributed to the modern lifestyle with predominant characteristic
beir-PLAIN-2859,naive_dense_only,Pollutants in Californian Breast Tissue,open_book_qa,0.483,0.500,1.000,We measured major PBDEs and PCBs in breast adipose tissues of California women participating in a breast cancer study in the late 1990s. Samples were analyzed using gas chromatography with electron im
beir-PLAIN-2859,standard_hybrid,Pollutants in Californian Breast Tissue,open_book_qa,0.783,0.500,1.000,We measured major PBDEs and PCBs in breast adipose tissues of California women participating in a breast cancer study in the late 1990s. Samples were analyzed using gas chromatography with electron im
beir-PLAIN-2859,standard_no_rerank,Pollutants in Californian Breast Tissue,open_book_qa,0.483,0.500,1.000,We measured major PBDEs and PCBs in breast adipose tissues of California women participating in a breast cancer study in the late 1990s. Samples were analyzed using gas chromatography with electron im
beir-PLAIN-2869,naive_dense_only,Good Grub: The Healthiest Meat,open_book_qa,0.528,1.000,1.000,"In this study, silkworm moth (Bombyx mori L.) larvae were regarded as an animal protein source for astronauts in the bioregenerative life support system during long-term deep space exploration in the "
beir-PLAIN-2869,standard_hybrid,Good Grub: The Healthiest Meat,open_book_qa,0.528,1.000,1.000,"Enough solid evidence now exists to offer women several fundamental strategies for healthy eating. They include emphasizing healthful unsaturated fats, whole grains, good protein “packages,” and fruit"
beir-PLAIN-2869,standard_no_rerank,Good Grub: The Healthiest Meat,open_book_qa,0.528,1.000,1.000,"In this study, silkworm moth (Bombyx mori L.) larvae were regarded as an animal protein source for astronauts in the bioregenerative life support system during long-term deep space exploration in the "
beir-PLAIN-2879,naive_dense_only,How Plant-Based to Lower IGF-1?,open_book_qa,0.667,0.333,1.000,OBJECTIVE: Accumulating evidence indicates that prostate cancer is associated with high levels of serum IGF-I. This study was conducted to determine whether a low-fat diet and exercise (DE) interventi
beir-PLAIN-2879,standard_hybrid,How Plant-Based to Lower IGF-1?,open_book_qa,0.933,0.333,1.000,OBJECTIVE: Accumulating evidence indicates that prostate cancer is associated with high levels of serum IGF-I. This study was conducted to determine whether a low-fat diet and exercise (DE) interventi
beir-PLAIN-2879,standard_no_rerank,How Plant-Based to Lower IGF-1?,open_book_qa,0.667,0.333,1.000,OBJECTIVE: Accumulating evidence indicates that prostate cancer is associated with high levels of serum IGF-I. This study was conducted to determine whether a low-fat diet and exercise (DE) interventi
beir-PLAIN-2889,naive_dense_only,Extra Virgin Olive Oil vs. Nuts,open_book_qa,0.933,1.000,1.000,"BACKGROUND AND AIMS: Virgin olive oil (VOO) and nuts are basic components of the Mediterranean diet, a heart-healthy dietary pattern. Nuts have well known cholesterol lowering effects, while evidence "
beir-PLAIN-2889,standard_hybrid,Extra Virgin Olive Oil vs. Nuts,open_book_qa,0.933,1.000,1.000,"BACKGROUND AND AIMS: Virgin olive oil (VOO) and nuts are basic components of the Mediterranean diet, a heart-healthy dietary pattern. Nuts have well known cholesterol lowering effects, while evidence "
beir-PLAIN-2889,standard_no_rerank,Extra Virgin Olive Oil vs. Nuts,open_book_qa,0.933,1.000,1.000,"BACKGROUND AND AIMS: Virgin olive oil (VOO) and nuts are basic components of the Mediterranean diet, a heart-healthy dietary pattern. Nuts have well known cholesterol lowering effects, while evidence "
beir-PLAIN-2899,naive_dense_only,Tipping Firmicutes to Bacteroidetes,open_book_qa,0.689,0.250,1.000,"Two groups of beneficial bacteria are dominant in the human gut, the Bacteroidetes and the Firmicutes. Here we show that the relative proportion of Bacteroidetes is decreased in obese people by compar"
beir-PLAIN-2899,standard_hybrid,Tipping Firmicutes to Bacteroidetes,open_book_qa,0.756,0.250,1.000,"Two groups of beneficial bacteria are dominant in the human gut, the Bacteroidetes and the Firmicutes. Here we show that the relative proportion of Bacteroidetes is decreased in obese people by compar"
beir-PLAIN-2899,standard_no_rerank,Tipping Firmicutes to Bacteroidetes,open_book_qa,0.689,0.250,1.000,"Two groups of beneficial bacteria are dominant in the human gut, the Bacteroidetes and the Firmicutes. Here we show that the relative proportion of Bacteroidetes is decreased in obese people by compar"
beir-PLAIN-2909,naive_dense_only,Optimal Phytosterol Source,open_book_qa,0.511,0.417,1.000,"Phytosterols were quantified in nuts and seeds commonly consumed in the United States. Total lipid extracts were subjected to acid hydrolysis and then alkaline saponfication, and free sterols were ana"
beir-PLAIN-2909,standard_hybrid,Optimal Phytosterol Source,open_book_qa,0.867,0.417,1.000,Contemporary reproductive aged women and their offspring are facing an unprecedented onslaught of toxicant exposures from myriad sources in their day-to-day life. Public health recommendations regardi
beir-PLAIN-2909,standard_no_rerank,Optimal Phytosterol Source,open_book_qa,0.511,0.417,1.000,"Phytosterols were quantified in nuts and seeds commonly consumed in the United States. Total lipid extracts were subjected to acid hydrolysis and then alkaline saponfication, and free sterols were ana"
beir-PLAIN-2919,naive_dense_only,The Wrong Way to Boost Serotonin,open_book_qa,0.483,0.455,1.000,"Biogenic monoamines such as serotonin, tryptamine, and tyramine function as neurotransmitters and mitogenic factors in animals and are involved in flowering, morphogenesis, and protection from and ada"
beir-PLAIN-2919,standard_hybrid,The Wrong Way to Boost Serotonin,open_book_qa,0.483,0.455,1.000,"Biogenic monoamines such as serotonin, tryptamine, and tyramine function as neurotransmitters and mitogenic factors in animals and are involved in flowering, morphogenesis, and protection from and ada"
beir-PLAIN-2919,standard_no_rerank,The Wrong Way to Boost Serotonin,open_book_qa,0.483,0.455,1.000,"Biogenic monoamines such as serotonin, tryptamine, and tyramine function as neurotransmitters and mitogenic factors in animals and are involved in flowering, morphogenesis, and protection from and ada"
beir-PLAIN-2929,naive_dense_only,Kiwifruit and DNA Repair,open_book_qa,0.333,0.556,1.000,"Some indoor activities increase the number concentration of small particles and, hence, enhance the dose delivered to the lungs. The received particle dose indoors may exceed noticeably the dose from "
beir-PLAIN-2929,standard_hybrid,Kiwifruit and DNA Repair,open_book_qa,0.644,0.556,1.000,"To estimate age using DNA based on telomere shortening, we determined the terminal restriction fragment (TRF) length, as telomere length, using Southern blot analysis of peripheral human blood and blo"
beir-PLAIN-2929,standard_no_rerank,Kiwifruit and DNA Repair,open_book_qa,0.333,0.556,1.000,"Some indoor activities increase the number concentration of small particles and, hence, enhance the dose delivered to the lungs. The received particle dose indoors may exceed noticeably the dose from "
beir-PLAIN-2939,naive_dense_only,The Leaky Gut Theory of Why Animal Products Cause Inflammation,open_book_qa,0.508,0.250,1.000,"Although there is a well-established relation between serum cholesterol and coronary artery disease risk, individual and national variations in this association suggest that other factors are involved"
beir-PLAIN-2939,standard_hybrid,The Leaky Gut Theory of Why Animal Products Cause Inflammation,open_book_qa,0.750,0.250,1.000,"Inflammation is a pathological condition underlying a number of diseases including cardiovascular diseases, cancer, and chronic inflammatory diseases. In addition, healthy, obese subjects also express"
beir-PLAIN-2939,standard_no_rerank,The Leaky Gut Theory of Why Animal Products Cause Inflammation,open_book_qa,0.508,0.250,1.000,"Although there is a well-established relation between serum cholesterol and coronary artery disease risk, individual and national variations in this association suggest that other factors are involved"
beir-PLAIN-2949,naive_dense_only,Zero Tolerance to Acceptable Risk,open_book_qa,0.717,0.417,1.000,"Concerns about foodborne salmonellosis have led many countries to introduce microbiological criteria for certain food products. If such criteria are not well-grounded in science, they could be an unju"
beir-PLAIN-2949,standard_hybrid,Zero Tolerance to Acceptable Risk,open_book_qa,0.717,0.417,1.000,"Concerns about foodborne salmonellosis have led many countries to introduce microbiological criteria for certain food products. If such criteria are not well-grounded in science, they could be an unju"
beir-PLAIN-2949,standard_no_rerank,Zero Tolerance to Acceptable Risk,open_book_qa,0.717,0.417,1.000,"Concerns about foodborne salmonellosis have led many countries to introduce microbiological criteria for certain food products. If such criteria are not well-grounded in science, they could be an unju"
beir-PLAIN-2959,naive_dense_only,Dietary Supplement Snake Oil,open_book_qa,0.717,0.385,1.000,BACKGROUND: Many different dietary supplements are being sold in North America. The quality of the evidence supporting their efficacy covers a wide spectrum: Some are based on solid science (such as v
beir-PLAIN-2959,standard_hybrid,Dietary Supplement Snake Oil,open_book_qa,0.917,0.385,1.000,BACKGROUND: Many different dietary supplements are being sold in North America. The quality of the evidence supporting their efficacy covers a wide spectrum: Some are based on solid science (such as v
beir-PLAIN-2959,standard_no_rerank,Dietary Supplement Snake Oil,open_book_qa,0.633,0.385,1.000,BACKGROUND: Many different dietary supplements are being sold in North America. The quality of the evidence supporting their efficacy covers a wide spectrum: Some are based on solid science (such as v
beir-PLAIN-2969,naive_dense_only,SAD States: Standard American Diet State-By-State Comparison,open_book_qa,0.333,1.000,1.000,There is ample reason to believe that diets rich in phytochemicals provide protection from vascular diseases and many cancers; direct antioxidant activity as well as modulation of enzyme expression or
beir-PLAIN-2969,standard_hybrid,SAD States: Standard American Diet State-By-State Comparison,open_book_qa,0.333,1.000,1.000,There is ample reason to believe that diets rich in phytochemicals provide protection from vascular diseases and many cancers; direct antioxidant activity as well as modulation of enzyme expression or
beir-PLAIN-2969,standard_no_rerank,SAD States: Standard American Diet State-By-State Comparison,open_book_qa,0.333,1.000,1.000,There is ample reason to believe that diets rich in phytochemicals provide protection from vascular diseases and many cancers; direct antioxidant activity as well as modulation of enzyme expression or
beir-PLAIN-2979,naive_dense_only,Cow’s Milk Casomorphin and Crib Death,open_book_qa,0.867,1.000,1.000,Sudden infant death syndrome (SIDS) is the most common cause of death in infants and its pathogenesis is complex and multifactorial. The aim of this review is to summarize recent novel findings regard
beir-PLAIN-2979,standard_hybrid,Cow’s Milk Casomorphin and Crib Death,open_book_qa,0.867,1.000,1.000,Sudden infant death syndrome (SIDS) is the most common cause of death in infants and its pathogenesis is complex and multifactorial. The aim of this review is to summarize recent novel findings regard
beir-PLAIN-2979,standard_no_rerank,Cow’s Milk Casomorphin and Crib Death,open_book_qa,0.867,1.000,1.000,Sudden infant death syndrome (SIDS) is the most common cause of death in infants and its pathogenesis is complex and multifactorial. The aim of this review is to summarize recent novel findings regard
beir-PLAIN-2990,naive_dense_only,Watermelon as Treatment for Erectile Dysfunction,open_book_qa,1.000,1.000,1.000,Watermelon (Citrullus vulgaris Schrad.) is a natural and rich source of the non-essential amino acid citrulline. Citrulline is used in the nitric oxide system in humans and has potential antioxidant a
beir-PLAIN-2990,standard_hybrid,Watermelon as Treatment for Erectile Dysfunction,open_book_qa,1.000,1.000,1.000,OBJECTIVES: To test the efficacy and safety of oral L-citrulline supplementation in improving erection hardness in patients with mild erectile dysfunction (ED). L-arginine supplementation improves nit
beir-PLAIN-2990,standard_no_rerank,Watermelon as Treatment for Erectile Dysfunction,open_book_qa,0.867,1.000,1.000,Watermelon (Citrullus vulgaris Schrad.) is a natural and rich source of the non-essential amino acid citrulline. Citrulline is used in the nitric oxide system in humans and has potential antioxidant a
beir-PLAIN-3000,naive_dense_only,"Chicken Dioxins, Viruses, or Antibiotics?",open_book_qa,0.333,1.000,1.000,"The consumption of meat and other foods of animal origin is a risk factor for several types of cancer, but the results for lymphomas are inconclusive. Therefore, we examined these associations among 4"
beir-PLAIN-3000,standard_hybrid,"Chicken Dioxins, Viruses, or Antibiotics?",open_book_qa,0.333,1.000,1.000,"The consumption of meat and other foods of animal origin is a risk factor for several types of cancer, but the results for lymphomas are inconclusive. Therefore, we examined these associations among 4"
beir-PLAIN-3000,standard_no_rerank,"Chicken Dioxins, Viruses, or Antibiotics?",open_book_qa,0.333,1.000,1.000,"The consumption of meat and other foods of animal origin is a risk factor for several types of cancer, but the results for lymphomas are inconclusive. Therefore, we examined these associations among 4"
beir-PLAIN-3013,naive_dense_only,Lung Cancer Metastases and Broccoli,open_book_qa,0.333,1.000,1.000,"The medicinal properties of curcumin obtained from Curcuma longa L. cannot be utilised because of poor bioavailability due to its rapid metabolism in the liver and intestinal wall. In this study, the "
beir-PLAIN-3013,standard_hybrid,Lung Cancer Metastases and Broccoli,open_book_qa,0.333,1.000,1.000,"The medicinal properties of curcumin obtained from Curcuma longa L. cannot be utilised because of poor bioavailability due to its rapid metabolism in the liver and intestinal wall. In this study, the "
beir-PLAIN-3013,standard_no_rerank,Lung Cancer Metastases and Broccoli,open_book_qa,0.333,1.000,1.000,"The medicinal properties of curcumin obtained from Curcuma longa L. cannot be utilised because of poor bioavailability due to its rapid metabolism in the liver and intestinal wall. In this study, the "
beir-PLAIN-3025,naive_dense_only,So Should We Drink Beet Juice or Not?,open_book_qa,0.800,1.000,1.000,Many constituents present in the human diet may inhibit endogenous formation of N-nitroso compounds (NOC). Studies with human volunteers showed inhibiting effects of intake of ascorbic acid and green 
beir-PLAIN-3025,standard_hybrid,So Should We Drink Beet Juice or Not?,open_book_qa,0.800,1.000,1.000,The nutritional patterns of Paleolithic humans influenced genetic evolution during the time segment within which defining characteristics of contemporary humans were selected. Our genome can have chan
beir-PLAIN-3025,standard_no_rerank,So Should We Drink Beet Juice or Not?,open_book_qa,0.800,1.000,1.000,Many constituents present in the human diet may inhibit endogenous formation of N-nitroso compounds (NOC). Studies with human volunteers showed inhibiting effects of intake of ascorbic acid and green 
beir-PLAIN-3036,naive_dense_only,Asparagus Pee,open_book_qa,0.333,1.000,1.000,"Beeturia, the passage of pink or red urine after the ingestion of beetroot, is said to occur in 10-14% of the population, and is more common in iron deficiency and malabsorption. A specific HPLC assay"
beir-PLAIN-3036,standard_hybrid,Asparagus Pee,open_book_qa,0.333,1.000,1.000,"Beeturia, the passage of pink or red urine after the ingestion of beetroot, is said to occur in 10-14% of the population, and is more common in iron deficiency and malabsorption. A specific HPLC assay"
beir-PLAIN-3036,standard_no_rerank,Asparagus Pee,open_book_qa,0.333,1.000,1.000,"Beeturia, the passage of pink or red urine after the ingestion of beetroot, is said to occur in 10-14% of the population, and is more common in iron deficiency and malabsorption. A specific HPLC assay"
beir-PLAIN-3052,naive_dense_only,Anti Up on the Veggies,open_book_qa,0.333,1.000,1.000,"Both lipophilic and hydrophilic antioxidant capacities were determined using the oxygen radical absorbance capacity (ORAC(FL)) assay with fluorescein as the fluorescent probe and 2,2'-azobis(2-amidino"
beir-PLAIN-3052,standard_hybrid,Anti Up on the Veggies,open_book_qa,0.333,1.000,1.000,"Both lipophilic and hydrophilic antioxidant capacities were determined using the oxygen radical absorbance capacity (ORAC(FL)) assay with fluorescein as the fluorescent probe and 2,2'-azobis(2-amidino"
beir-PLAIN-3052,standard_no_rerank,Anti Up on the Veggies,open_book_qa,0.333,1.000,1.000,"Both lipophilic and hydrophilic antioxidant capacities were determined using the oxygen radical absorbance capacity (ORAC(FL)) assay with fluorescein as the fluorescent probe and 2,2'-azobis(2-amidino"
beir-PLAIN-3062,naive_dense_only,Amla Versus Cancer Cell Growth,open_book_qa,0.867,0.625,1.000,Phyllanthus emblica Linn. (PE) is a medicinal fruit used in many Asian traditional medicine systems for the treatment of various diseases including cancer. The present study tested the potential antic
beir-PLAIN-3062,standard_hybrid,Amla Versus Cancer Cell Growth,open_book_qa,0.933,0.625,1.000,"Black raspberries are a rich natural source of chemopreventive phytochemicals. Recent studies have shown that freeze-dried black raspberries inhibit the development of oral, esophageal, and colon canc"
beir-PLAIN-3062,standard_no_rerank,Amla Versus Cancer Cell Growth,open_book_qa,0.867,0.625,1.000,Phyllanthus emblica Linn. (PE) is a medicinal fruit used in many Asian traditional medicine systems for the treatment of various diseases including cancer. The present study tested the potential antic
beir-PLAIN-3073,naive_dense_only,Glycotoxins,open_book_qa,0.333,1.000,1.000,"Alzheimer's disease (AD) is the most common dementing disorder of late life. Although there might be various different triggering events in the early stages of the disease, they seem to converge on a "
beir-PLAIN-3073,standard_hybrid,Glycotoxins,open_book_qa,0.333,1.000,1.000,"Alzheimer's disease (AD) is the most common dementing disorder of late life. Although there might be various different triggering events in the early stages of the disease, they seem to converge on a "
beir-PLAIN-3073,standard_no_rerank,Glycotoxins,open_book_qa,0.333,1.000,1.000,"Alzheimer's disease (AD) is the most common dementing disorder of late life. Although there might be various different triggering events in the early stages of the disease, they seem to converge on a "
beir-PLAIN-3084,naive_dense_only,How the Institute of Medicine Arrived at Their Vitamin D Recommendation,open_book_qa,0.714,1.000,1.000,Vitamin D deficiency is the most common nutritional deficiency and likely the most common medical condition in the world. The major cause of vitamin D deficiency has been the lack of appreciation that
beir-PLAIN-3084,standard_hybrid,How the Institute of Medicine Arrived at Their Vitamin D Recommendation,open_book_qa,0.714,1.000,1.000,Vitamin D deficiency is the most common nutritional deficiency and likely the most common medical condition in the world. The major cause of vitamin D deficiency has been the lack of appreciation that
beir-PLAIN-3084,standard_no_rerank,How the Institute of Medicine Arrived at Their Vitamin D Recommendation,open_book_qa,0.714,1.000,1.000,Vitamin D deficiency is the most common nutritional deficiency and likely the most common medical condition in the world. The major cause of vitamin D deficiency has been the lack of appreciation that
beir-PLAIN-3096,naive_dense_only,Phytochemicals: The Nutrition Facts Missing From the Label,open_book_qa,0.456,0.625,1.000,"The total phenolic content of 13 commercially available fruit juices and juice drinks, selected to represent the most popular juice flavors in the United Kingdom, were analyzed using the Folin-Ciocalt"
beir-PLAIN-3096,standard_hybrid,Phytochemicals: The Nutrition Facts Missing From the Label,open_book_qa,0.589,0.625,1.000,"The medicinal properties of curcumin obtained from Curcuma longa L. cannot be utilised because of poor bioavailability due to its rapid metabolism in the liver and intestinal wall. In this study, the "
beir-PLAIN-3096,standard_no_rerank,Phytochemicals: The Nutrition Facts Missing From the Label,open_book_qa,0.456,0.625,1.000,"The total phenolic content of 13 commercially available fruit juices and juice drinks, selected to represent the most popular juice flavors in the United Kingdom, were analyzed using the Folin-Ciocalt"
beir-PLAIN-3114,naive_dense_only,Plant Protein Preferable,open_book_qa,0.778,1.000,1.000,"Enough solid evidence now exists to offer women several fundamental strategies for healthy eating. They include emphasizing healthful unsaturated fats, whole grains, good protein “packages,” and fruit"
beir-PLAIN-3114,standard_hybrid,Plant Protein Preferable,open_book_qa,0.778,1.000,1.000,"Enough solid evidence now exists to offer women several fundamental strategies for healthy eating. They include emphasizing healthful unsaturated fats, whole grains, good protein “packages,” and fruit"
beir-PLAIN-3114,standard_no_rerank,Plant Protein Preferable,open_book_qa,0.778,1.000,1.000,"Enough solid evidence now exists to offer women several fundamental strategies for healthy eating. They include emphasizing healthful unsaturated fats, whole grains, good protein “packages,” and fruit"
beir-PLAIN-3130,naive_dense_only,Are Avocados Bad for You?,open_book_qa,0.617,0.385,1.000,Persea americana is much sought after both for the nutritional value of its fruit and the medicinal values of its various plant parts. A chromosomal aberration assay was undertaken to evaluate the pot
beir-PLAIN-3130,standard_hybrid,Are Avocados Bad for You?,open_book_qa,0.833,0.385,1.000,Avocados have a high content of phytochemicals with potential chemopreventive activity. Previously we reported that phytochemicals extracted from avocado meat into a chloroform partition (D003) select
beir-PLAIN-3130,standard_no_rerank,Are Avocados Bad for You?,open_book_qa,0.617,0.385,1.000,Persea americana is much sought after both for the nutritional value of its fruit and the medicinal values of its various plant parts. A chromosomal aberration assay was undertaken to evaluate the pot
beir-PLAIN-3140,naive_dense_only,Stool Size Matters,open_book_qa,0.511,0.147,1.000,The authors investigated the associations between bowel movement and constipation frequencies and colorectal cancer (CRC) endpoints among men in the Netherlands Cohort Study on Diet and Cancer (n = 58
beir-PLAIN-3140,standard_hybrid,Stool Size Matters,open_book_qa,0.689,0.147,1.000,"Purpose Evaluate the hypothesis that relation of breast cancer associated with dietary fiber intakes varies by type of fiber, menopausal, and the tumor’s hormone receptor status. Methods A case-contro"
beir-PLAIN-3140,standard_no_rerank,Stool Size Matters,open_book_qa,0.511,0.147,1.000,The authors investigated the associations between bowel movement and constipation frequencies and colorectal cancer (CRC) endpoints among men in the Netherlands Cohort Study on Diet and Cancer (n = 58
beir-PLAIN-3150,naive_dense_only,Golden Glow,open_book_qa,0.333,0.200,1.000,"Numerous researchers have examined the effects of skin condition, including texture and color, on the perception of health, age, and attractiveness in human faces. They have focused on facial color di"
beir-PLAIN-3150,standard_hybrid,Golden Glow,open_book_qa,0.333,0.200,1.000,We examined the relationship of elevated depressive symptoms with antioxidant status. Cross-sectional data from the National Health and Nutrition Examination Surveys 2005–06 on US adults aged 20–85 ye
beir-PLAIN-3150,standard_no_rerank,Golden Glow,open_book_qa,0.333,0.200,1.000,"Numerous researchers have examined the effects of skin condition, including texture and color, on the perception of health, age, and attractiveness in human faces. They have focused on facial color di"
beir-PLAIN-3160,naive_dense_only,Egg Cholesterol in the Diet,open_book_qa,1.000,0.263,1.000,A widespread misconception has been developing among the Canadian public and among physicians. It is increasingly believed that consumption of dietary cholesterol and egg yolks is harmless. There are 
beir-PLAIN-3160,standard_hybrid,Egg Cholesterol in the Diet,open_book_qa,1.000,0.263,1.000,"The effect of substituting soy for animal protein in mixed diets was determined in young men with mildly elevated plasma cholesterol, 218 to 307 mg/dl. The diets were low in cholesterol, 200 mg/day, w"
beir-PLAIN-3160,standard_no_rerank,Egg Cholesterol in the Diet,open_book_qa,1.000,0.263,1.000,A widespread misconception has been developing among the Canadian public and among physicians. It is increasingly believed that consumption of dietary cholesterol and egg yolks is harmless. There are 
beir-PLAIN-3170,naive_dense_only,Melatonin & Breast Cancer,open_book_qa,1.000,0.143,1.000,Physiological and pharmacological blood concentrations of melatonin inhibit tumorigenesis in a variety of in vivo and in vitro experimental models of neoplasia. Evidence indicates that melatonin's ant
beir-PLAIN-3170,standard_hybrid,Melatonin & Breast Cancer,open_book_qa,1.000,0.143,1.000,Physiological and pharmacological blood concentrations of melatonin inhibit tumorigenesis in a variety of in vivo and in vitro experimental models of neoplasia. Evidence indicates that melatonin's ant
beir-PLAIN-3170,standard_no_rerank,Melatonin & Breast Cancer,open_book_qa,1.000,0.143,1.000,Physiological and pharmacological blood concentrations of melatonin inhibit tumorigenesis in a variety of in vivo and in vitro experimental models of neoplasia. Evidence indicates that melatonin's ant
beir-PLAIN-3180,naive_dense_only,Is Kimchi Good For You?,open_book_qa,0.750,0.556,1.000,This study investigated the association between pickled vegetable consumption and the risk of breast cancer using a validated food frequency questionnaire. A total of 358 patients with breast cancer w
beir-PLAIN-3180,standard_hybrid,Is Kimchi Good For You?,open_book_qa,0.750,0.556,1.000,"Nutrient profiling of foods, described as the science of ranking foods based on their nutrient content, is fast becoming the basis for regulating nutrition labels, health claims, and marketing and adv"
beir-PLAIN-3180,standard_no_rerank,Is Kimchi Good For You?,open_book_qa,0.750,0.556,1.000,This study investigated the association between pickled vegetable consumption and the risk of breast cancer using a validated food frequency questionnaire. A total of 358 patients with breast cancer w
beir-PLAIN-3190,naive_dense_only,Obesity-Causing Pollutants in Food,open_book_qa,0.917,0.143,1.000,The objective of this study was to estimate the intake of organic tin compounds from foodstuffs in a Finnish market basket. The study was conducted by collecting 13 market baskets from supermarkets an
beir-PLAIN-3190,standard_hybrid,Obesity-Causing Pollutants in Food,open_book_qa,0.917,0.143,1.000,"Background Persistent organic pollutants (POPs) are hazardous chemicals omnipresent in our food chain, which have been internationally regulated to ensure public health. Initially described for their "
beir-PLAIN-3190,standard_no_rerank,Obesity-Causing Pollutants in Food,open_book_qa,0.917,0.143,1.000,The objective of this study was to estimate the intake of organic tin compounds from foodstuffs in a Finnish market basket. The study was conducted by collecting 13 market baskets from supermarkets an
beir-PLAIN-3200,naive_dense_only,Anabolic Steroids in Meat,open_book_qa,0.822,0.294,1.000,"In contrast to the use of hormonal doping agents in sports to enhance the performance of athletes, in the livestock industry hormonal growth promoters (""anabolics"") are used to increase the production"
beir-PLAIN-3200,standard_hybrid,Anabolic Steroids in Meat,open_book_qa,0.889,0.294,1.000,"For the first time in the field of steroid residues in humans, demonstration of 19-norandrosterone (19-NA: 3alpha-hydroxy-5alpha-estran-17-one) and 19-noretiocholanolone (19-NE: 3alpha-hydroxy-5beta-e"
beir-PLAIN-3200,standard_no_rerank,Anabolic Steroids in Meat,open_book_qa,0.822,0.294,1.000,"In contrast to the use of hormonal doping agents in sports to enhance the performance of athletes, in the livestock industry hormonal growth promoters (""anabolics"") are used to increase the production"
beir-PLAIN-3210,naive_dense_only,Caffeine During Pregnancy,open_book_qa,0.800,0.179,1.000,"Caffeine is probably the most frequently ingested pharmacologically active substance in the world. It is found in common beverages (coffee, tea, soft drinks), in products containing cocoa or chocolate"
beir-PLAIN-3210,standard_hybrid,Caffeine During Pregnancy,open_book_qa,0.889,0.179,1.000,"Epidemiologic studies suggest that tea consumption decreases the risk for cardiovascular events. However, there has been no clinical report examining the effects of tea consumption on coronary circula"
beir-PLAIN-3210,standard_no_rerank,Caffeine During Pregnancy,open_book_qa,0.689,0.179,1.000,"Caffeine is probably the most frequently ingested pharmacologically active substance in the world. It is found in common beverages (coffee, tea, soft drinks), in products containing cocoa or chocolate"
beir-PLAIN-3220,naive_dense_only,Reversing Cognitive Decline,open_book_qa,0.756,0.152,1.000,It is a pleasure and an honor to contribute a paper to a special issue of the Journal of the American College of Nutrition honoring Stanley Wallach and Pearl Small. In this brief review I advance the 
beir-PLAIN-3220,standard_hybrid,Reversing Cognitive Decline,open_book_qa,0.822,0.152,1.000,"Objectives To examine the effects of aerobic exercise on cognition and other biomarkers associated with Alzheimer disease pathology for older adults with mild cognitive impairment, and assess the role"
beir-PLAIN-3220,standard_no_rerank,Reversing Cognitive Decline,open_book_qa,0.756,0.152,1.000,It is a pleasure and an honor to contribute a paper to a special issue of the Journal of the American College of Nutrition honoring Stanley Wallach and Pearl Small. In this brief review I advance the 
beir-PLAIN-3230,naive_dense_only,Wart Cancer Viruses in Food,open_book_qa,0.767,0.227,1.000,"Clinical and ecological evidence supporting an association between human papillomavirus (HPV)-related tumors and dietary factors are presented. Abstinence from high intake of fried pork (600-1,000 g/d"
beir-PLAIN-3230,standard_hybrid,Wart Cancer Viruses in Food,open_book_qa,0.917,0.227,1.000,"OBJECTIVES: We studied mortality in two separate cohorts of workers in abattoirs (N=4996) and meat processing plants (N=3642) belonging to a meatcutters' union, because they were exposed to viruses th"
beir-PLAIN-3230,standard_no_rerank,Wart Cancer Viruses in Food,open_book_qa,0.767,0.227,1.000,"Clinical and ecological evidence supporting an association between human papillomavirus (HPV)-related tumors and dietary factors are presented. Abstinence from high intake of fried pork (600-1,000 g/d"
beir-PLAIN-3240,naive_dense_only,Is Homeopathy Just Placebo?,open_book_qa,0.822,0.152,1.000,OBJECTIVE: To evaluate the evidence for and against the effectiveness of homeopathy. DATA SOURCES: The Cochrane Database of Systematic Reviews (generally considered to be the most reliable source of e
beir-PLAIN-3240,standard_hybrid,Is Homeopathy Just Placebo?,open_book_qa,0.889,0.152,1.000,Homeopathy remains one of the most controversial subjects in therapeutics. This article is an attempt to clarify its effectiveness based on recent systematic reviews. Electronic databases were searche
beir-PLAIN-3240,standard_no_rerank,Is Homeopathy Just Placebo?,open_book_qa,0.822,0.152,1.000,OBJECTIVE: To evaluate the evidence for and against the effectiveness of homeopathy. DATA SOURCES: The Cochrane Database of Systematic Reviews (generally considered to be the most reliable source of e
beir-PLAIN-3250,naive_dense_only,Improving Memory Through Diet,open_book_qa,0.483,0.122,1.000,"The prevalence of dementia is increasing with expansion of the older adult population. In the absence of effective therapy, preventive approaches are essential to address this public health problem. B"
beir-PLAIN-3250,standard_hybrid,Improving Memory Through Diet,open_book_qa,0.917,0.122,1.000,"Objective Berries are high in flavonoids, especially anthocyanidins, and improve cognition in experimental studies. We prospectively evaluated whether greater long-term intakes of berries and flavonoi"
beir-PLAIN-3250,standard_no_rerank,Improving Memory Through Diet,open_book_qa,0.483,0.122,1.000,"The prevalence of dementia is increasing with expansion of the older adult population. In the absence of effective therapy, preventive approaches are essential to address this public health problem. B"
beir-PLAIN-3260,naive_dense_only,Update on Juice Plus+®,open_book_qa,0.333,0.455,1.000,"The cave site of Moula-Guercy, 80 meters above the modern Rhone River, was occupied by Neanderthals approximately 100,000 years ago. Excavations since 1991 have yielded rich paleontological, paleobota"
beir-PLAIN-3260,standard_hybrid,Update on Juice Plus+®,open_book_qa,0.333,0.455,1.000,"The cave site of Moula-Guercy, 80 meters above the modern Rhone River, was occupied by Neanderthals approximately 100,000 years ago. Excavations since 1991 have yielded rich paleontological, paleobota"
beir-PLAIN-3260,standard_no_rerank,Update on Juice Plus+®,open_book_qa,0.333,0.455,1.000,"The cave site of Moula-Guercy, 80 meters above the modern Rhone River, was occupied by Neanderthals approximately 100,000 years ago. Excavations since 1991 have yielded rich paleontological, paleobota"
beir-PLAIN-3270,naive_dense_only,Flaxseeds vs. Chia Seeds,open_book_qa,0.511,0.167,1.000,Background Prostate cancer affects one-out-of-six men during their lifetime. Dietary factors are postulated to influence the development and progression of prostate cancer. Low-fat diets and flaxseed 
beir-PLAIN-3270,standard_hybrid,Flaxseeds vs. Chia Seeds,open_book_qa,0.644,0.167,1.000,"Urine morphine levels after the consumption of poppy seeds were measured in two separate trials. Maximum levels of approximately 18 micrograms/ml were found using RIA, EMIT-ST and GC methodologies. Po"
beir-PLAIN-3270,standard_no_rerank,Flaxseeds vs. Chia Seeds,open_book_qa,0.511,0.167,1.000,Background Prostate cancer affects one-out-of-six men during their lifetime. Dietary factors are postulated to influence the development and progression of prostate cancer. Low-fat diets and flaxseed 
beir-PLAIN-3280,naive_dense_only,Brown Rice vs. Black Rice,open_book_qa,0.822,0.714,1.000,"Black rice and its pigment fraction have shown anti-atherogenic activities in several animal models, but whether their beneficial effects will recur in humans remains unknown. The aim of the present s"
beir-PLAIN-3280,standard_hybrid,Brown Rice vs. Black Rice,open_book_qa,0.889,0.714,1.000,"Black rice and its pigment fraction have shown anti-atherogenic activities in several animal models, but whether their beneficial effects will recur in humans remains unknown. The aim of the present s"
beir-PLAIN-3280,standard_no_rerank,Brown Rice vs. Black Rice,open_book_qa,0.822,0.714,1.000,"Black rice and its pigment fraction have shown anti-atherogenic activities in several animal models, but whether their beneficial effects will recur in humans remains unknown. The aim of the present s"
beir-PLAIN-3291,naive_dense_only,"Lutein, Lycopene, and Selenium Pills",open_book_qa,0.633,0.385,1.000,"Context Millions of postmenopausal women use multivitamins, often believing that supplements prevent chronic diseases such as cancer and cardiovascular disease. Objective To examine associations betwe"
beir-PLAIN-3291,standard_hybrid,"Lutein, Lycopene, and Selenium Pills",open_book_qa,0.700,0.385,1.000,High-dose β-carotene supplementation in high-risk persons has been linked to increased lung cancer risk in clinical trials; whether effects are similar in the general population is unclear. The author
beir-PLAIN-3291,standard_no_rerank,"Lutein, Lycopene, and Selenium Pills",open_book_qa,0.633,0.385,1.000,"Context Millions of postmenopausal women use multivitamins, often believing that supplements prevent chronic diseases such as cancer and cardiovascular disease. Objective To examine associations betwe"
beir-PLAIN-3301,naive_dense_only,Amalgam Fillings vs. Canned Tuna,open_book_qa,0.483,0.132,1.000,"In order to assess early neurotoxic effects associated with relatively low levels of mercury absorbed through fish eating, two groups of 22 adult male subjects, habitual consumers of tuna fish, and 22"
beir-PLAIN-3301,standard_hybrid,Amalgam Fillings vs. Canned Tuna,open_book_qa,0.700,0.132,1.000,"In the 1970s several states in the Great Lakes region became concerned about mercury contamination in lakes and rivers and were the first to issue local fish consumption advisories. In 2001, the Food "
beir-PLAIN-3301,standard_no_rerank,Amalgam Fillings vs. Canned Tuna,open_book_qa,0.483,0.132,1.000,"In order to assess early neurotoxic effects associated with relatively low levels of mercury absorbed through fish eating, two groups of 22 adult male subjects, habitual consumers of tuna fish, and 22"
beir-PLAIN-3311,naive_dense_only,New Corpse Smell,open_book_qa,0.511,0.500,1.000,"Biogenic amines are non-volatile amines formed by decarboxylation of amino acids. Although many biogenic amines have been found in fish, only histamine, cadaverine, and putrescine have been found to b"
beir-PLAIN-3311,standard_hybrid,New Corpse Smell,open_book_qa,0.689,0.500,1.000,"EMBO J (2012) 31 19, 3795–3808 doi:10.1038/emboj.2012.207; published online July312012 Ciguatera is one of the most common forms of food poisoning, occurring after consumption of fish contaminated wit"
beir-PLAIN-3311,standard_no_rerank,New Corpse Smell,open_book_qa,0.400,0.500,1.000,"Biogenic amines are non-volatile amines formed by decarboxylation of amino acids. Although many biogenic amines have been found in fish, only histamine, cadaverine, and putrescine have been found to b"
beir-PLAIN-3321,naive_dense_only,#1 Anticancer Vegetable,open_book_qa,0.333,0.132,1.000,"The medicinal properties of curcumin obtained from Curcuma longa L. cannot be utilised because of poor bioavailability due to its rapid metabolism in the liver and intestinal wall. In this study, the "
beir-PLAIN-3321,standard_hybrid,#1 Anticancer Vegetable,open_book_qa,0.333,0.132,1.000,Perhaps one of the most unexpected and novel findings in nutritional epidemiology in the past 5 y has been that nut consumption seems to protect against ischemic heart disease (IHD). Frequency and qua
beir-PLAIN-3321,standard_no_rerank,#1 Anticancer Vegetable,open_book_qa,0.333,0.132,1.000,"The medicinal properties of curcumin obtained from Curcuma longa L. cannot be utilised because of poor bioavailability due to its rapid metabolism in the liver and intestinal wall. In this study, the "
beir-PLAIN-3331,naive_dense_only,Salt OK if Blood Pressure is OK?,open_book_qa,0.800,0.208,1.000,"BACKGROUND: The effect of salt reduction on vascular function, assessed by brachial artery flow-mediated dilatation (FMD), is unknown. OBJECTIVE: Our aim was to compare the effects of a low-salt (LS; "
beir-PLAIN-3331,standard_hybrid,Salt OK if Blood Pressure is OK?,open_book_qa,0.933,0.208,1.000,"BACKGROUND: The effect of salt reduction on vascular function, assessed by brachial artery flow-mediated dilatation (FMD), is unknown. OBJECTIVE: Our aim was to compare the effects of a low-salt (LS; "
beir-PLAIN-3331,standard_no_rerank,Salt OK if Blood Pressure is OK?,open_book_qa,0.800,0.208,1.000,"BACKGROUND: The effect of salt reduction on vascular function, assessed by brachial artery flow-mediated dilatation (FMD), is unknown. OBJECTIVE: Our aim was to compare the effects of a low-salt (LS; "
beir-PLAIN-3341,naive_dense_only,Are Avocados Good for You?,open_book_qa,0.700,0.714,1.000,OBJECTIVE: To evaluate the efficacy of preparations with avocado-soybean unsaponifiables (ASUs) in osteoarthritis (OA) patients using meta-analysis on randomized controlled trials (RCTs). METHOD: RCTs
beir-PLAIN-3341,standard_hybrid,Are Avocados Good for You?,open_book_qa,0.767,0.714,1.000,Avocados have a high content of phytochemicals with potential chemopreventive activity. Previously we reported that phytochemicals extracted from avocado meat into a chloroform partition (D003) select
beir-PLAIN-3341,standard_no_rerank,Are Avocados Good for You?,open_book_qa,0.617,0.714,1.000,OBJECTIVE: To evaluate the efficacy of preparations with avocado-soybean unsaponifiables (ASUs) in osteoarthritis (OA) patients using meta-analysis on randomized controlled trials (RCTs). METHOD: RCTs
beir-PLAIN-3351,naive_dense_only,Update on Spirulina,open_book_qa,0.833,1.000,1.000,"Gel filtration chromatography, ultra-filtration, and solid-phase extraction silica gel clean-up were evaluated for their ability to remove microcystins selectively from extracts of cyanobacteria Spiru"
beir-PLAIN-3351,standard_hybrid,Update on Spirulina,open_book_qa,0.833,1.000,1.000,"Gel filtration chromatography, ultra-filtration, and solid-phase extraction silica gel clean-up were evaluated for their ability to remove microcystins selectively from extracts of cyanobacteria Spiru"
beir-PLAIN-3351,standard_no_rerank,Update on Spirulina,open_book_qa,0.833,1.000,1.000,"Gel filtration chromatography, ultra-filtration, and solid-phase extraction silica gel clean-up were evaluated for their ability to remove microcystins selectively from extracts of cyanobacteria Spiru"
beir-PLAIN-3361,naive_dense_only,Update on Chocolate,open_book_qa,0.767,0.417,1.000,"Interest in the biological activities of cocoa polyphenols is increasing steadily. In fact, the high polyphenol content of cocoa, coupled with its widespread presence in many food items, render this f"
beir-PLAIN-3361,standard_hybrid,Update on Chocolate,open_book_qa,0.833,0.417,1.000,"Prospective studies indicate that high intake of dietary flavanols, such as those contained in cocoa/chocolate, are associated with reduced rates of cardiovascular-related morbidity and mortality in h"
beir-PLAIN-3361,standard_no_rerank,Update on Chocolate,open_book_qa,0.767,0.417,1.000,"Interest in the biological activities of cocoa polyphenols is increasing steadily. In fact, the high polyphenol content of cocoa, coupled with its widespread presence in many food items, render this f"
beir-PLAIN-3371,naive_dense_only,A Harmless Artificial Sweetener,open_book_qa,0.689,0.333,1.000,OBJECTIVE: To determine the role of the habitual use of the most common artificial sweeteners (AS) in the development of urinary tract tumors (UTT) in Argentina. METHODS: Case-control study of 197 pat
beir-PLAIN-3371,standard_hybrid,A Harmless Artificial Sweetener,open_book_qa,0.756,0.333,1.000,Animal models suggest that sucrose activates taste afferents differently than non-caloric sweeteners. Little information exists how artificial sweeteners engage central taste pathways in the human bra
beir-PLAIN-3371,standard_no_rerank,A Harmless Artificial Sweetener,open_book_qa,0.689,0.333,1.000,OBJECTIVE: To determine the role of the habitual use of the most common artificial sweeteners (AS) in the development of urinary tract tumors (UTT) in Argentina. METHODS: Case-control study of 197 pat
beir-PLAIN-3381,naive_dense_only,Are Artificial Colors Harmful?,open_book_qa,0.333,1.000,1.000,Samples of Mimolette (France) and Milbenkase (Germany) cheeses traditionally ripened by mites were analyzed to determine the mite species present on each sample. Scientific literature was reviewed to 
beir-PLAIN-3381,standard_hybrid,Are Artificial Colors Harmful?,open_book_qa,0.333,1.000,1.000,Samples of Mimolette (France) and Milbenkase (Germany) cheeses traditionally ripened by mites were analyzed to determine the mite species present on each sample. Scientific literature was reviewed to 
beir-PLAIN-3381,standard_no_rerank,Are Artificial Colors Harmful?,open_book_qa,0.333,1.000,1.000,Samples of Mimolette (France) and Milbenkase (Germany) cheeses traditionally ripened by mites were analyzed to determine the mite species present on each sample. Scientific literature was reviewed to 
beir-PLAIN-3391,naive_dense_only,Bottled Water vs. Tap,open_book_qa,0.933,0.714,1.000,"Due to the increased demand and consumption of bottled water in the United States, there has been a growing concern about the quality of this product. Retail outlets sell local as well as imported bot"
beir-PLAIN-3391,standard_hybrid,Bottled Water vs. Tap,open_book_qa,1.000,0.714,1.000,"Due to the increased demand and consumption of bottled water in the United States, there has been a growing concern about the quality of this product. Retail outlets sell local as well as imported bot"
beir-PLAIN-3391,standard_no_rerank,Bottled Water vs. Tap,open_book_qa,0.933,0.714,1.000,"Due to the increased demand and consumption of bottled water in the United States, there has been a growing concern about the quality of this product. Retail outlets sell local as well as imported bot"
beir-PLAIN-3401,naive_dense_only,Superfood Bargains,open_book_qa,0.333,0.074,1.000,"Cinnamon, the dry bark and twig of Cinnamomum spp., is a rich botanical source of polyphenolics that has been used for centuries in Chinese medicine and has been shown to affect blood glucose and insu"
beir-PLAIN-3401,standard_hybrid,Superfood Bargains,open_book_qa,0.333,0.074,1.000,"Antioxidants, primarily from fruits and vegetables, have been hypothesized to protect against non-Hodgkin lymphoma (NHL). The Oxygen Radical Absorbance Capacity (ORAC) assay, which measures total anti"
beir-PLAIN-3401,standard_no_rerank,Superfood Bargains,open_book_qa,0.333,0.074,1.000,"Cinnamon, the dry bark and twig of Cinnamomum spp., is a rich botanical source of polyphenolics that has been used for centuries in Chinese medicine and has been shown to affect blood glucose and insu"
beir-PLAIN-3411,naive_dense_only,Dairy & Acne,open_book_qa,0.933,0.278,1.000,"Objective We sought to examine the association between dietary dairy intake and teenaged acne among boys. Methods This was a prospective cohort study. We studied 4273 boys, members of a prospective co"
beir-PLAIN-3411,standard_hybrid,Dairy & Acne,open_book_qa,1.000,0.278,1.000,Acne in adolescents of developed countries is an epidemic skin disease and has currently been linked to the Western diet (WD). It is the intention of this viewpoint to discuss the possible impact of W
beir-PLAIN-3411,standard_no_rerank,Dairy & Acne,open_book_qa,0.933,0.278,1.000,"Objective We sought to examine the association between dietary dairy intake and teenaged acne among boys. Methods This was a prospective cohort study. We studied 4273 boys, members of a prospective co"
beir-PLAIN-3421,naive_dense_only,Broccoli Sprouts,open_book_qa,0.800,0.179,1.000,Background The recent increased interest in consuming green vegetable sprouts has been tempered by the fact that fresh sprouts can in some cases be vehicles for food-borne illnesses. They must be grow
beir-PLAIN-3421,standard_hybrid,Broccoli Sprouts,open_book_qa,1.000,0.179,1.000,"BACKGROUND/OBJECTIVES: In vitro and animal studies have reported that young broccoli sprouts improve oxidative stress status in diabetic condition. The objective of this double-blind, placebo-controll"
beir-PLAIN-3421,standard_no_rerank,Broccoli Sprouts,open_book_qa,0.800,0.179,1.000,Background The recent increased interest in consuming green vegetable sprouts has been tempered by the fact that fresh sprouts can in some cases be vehicles for food-borne illnesses. They must be grow
beir-PLAIN-3431,naive_dense_only,Omnivore vs. Vegan Nutrient Deficiencies,open_book_qa,0.333,0.143,1.000,"OBJECTIVE: To compare fracture rates in four diet groups (meat eaters, fish eaters, vegetarians and vegans) in the Oxford cohort of the European Prospective Investigation into Cancer and Nutrition (EP"
beir-PLAIN-3431,standard_hybrid,Omnivore vs. Vegan Nutrient Deficiencies,open_book_qa,0.700,0.143,1.000,"In nutritional epidemiology, it is often assumed that nutrient absorption is proportional to nutrient intake. For several nutrients, including non-haem Fe, this assumption may not hold. Depending on t"
beir-PLAIN-3431,standard_no_rerank,Omnivore vs. Vegan Nutrient Deficiencies,open_book_qa,0.333,0.143,1.000,"OBJECTIVE: To compare fracture rates in four diet groups (meat eaters, fish eaters, vegetarians and vegans) in the Oxford cohort of the European Prospective Investigation into Cancer and Nutrition (EP"
beir-PLAIN-3441,naive_dense_only,Doctors' Nutritional Ignorance,open_book_qa,0.722,1.000,1.000,"Questions of medical ethics are often treated as especially difficult casuistical problems or as difficult cases illustrative of paradoxes or advantages in global moral theories. I argue here, in oppo"
beir-PLAIN-3441,standard_hybrid,Doctors' Nutritional Ignorance,open_book_qa,0.722,1.000,1.000,"OBJECTIVE: The present study aimed to evaluate the knowledge and practices of public-sector primary-care health professionals and final-year students regarding the role of nutrition, physical activity"
beir-PLAIN-3441,standard_no_rerank,Doctors' Nutritional Ignorance,open_book_qa,0.722,1.000,1.000,"Questions of medical ethics are often treated as especially difficult casuistical problems or as difficult cases illustrative of paradoxes or advantages in global moral theories. I argue here, in oppo"
beir-PLAIN-3451,naive_dense_only,Blue-Green Algae & Spirulina,open_book_qa,1.000,0.833,1.000,The prevalence of allergic rhinitis is increasing globally due to various causes. It affects the quality life of a large group of people in all around the world. Allergic rhinitis still remains inadeq
beir-PLAIN-3451,standard_hybrid,Blue-Green Algae & Spirulina,open_book_qa,1.000,0.833,1.000,The prevalence of allergic rhinitis is increasing globally due to various causes. It affects the quality life of a large group of people in all around the world. Allergic rhinitis still remains inadeq
beir-PLAIN-3451,standard_no_rerank,Blue-Green Algae & Spirulina,open_book_qa,0.917,0.833,1.000,The prevalence of allergic rhinitis is increasing globally due to various causes. It affects the quality life of a large group of people in all around the world. Allergic rhinitis still remains inadeq
beir-PLAIN-3461,naive_dense_only,Coffee and Mortality,open_book_qa,1.000,0.116,1.000,The present meta-analysis shows no clear association between coffee consumption and the risk of hip fractures. There was a nonlinear association between tea consumption and the risk of hip fracture. C
beir-PLAIN-3461,standard_hybrid,Coffee and Mortality,open_book_qa,1.000,0.116,1.000,"Coffee, after water, is the most widely consumed beverage in the United States, and is the principal source of caffeine intake among adults. The biological effects of coffee may be substantial and are"
beir-PLAIN-3461,standard_no_rerank,Coffee and Mortality,open_book_qa,0.833,0.116,1.000,The present meta-analysis shows no clear association between coffee consumption and the risk of hip fractures. There was a nonlinear association between tea consumption and the risk of hip fracture. C
beir-PLAIN-3471,naive_dense_only,Uprooting the Leading Causes of Death,open_book_qa,0.333,0.238,1.000,"BACKGROUND/AIMS: This study aimed to investigate the quantitative and qualitative changes of bacteria, Bacteroides, Bifidobacterium and Clostridium cluster IV in faecal microbiota associated with a ve"
beir-PLAIN-3471,standard_hybrid,Uprooting the Leading Causes of Death,open_book_qa,0.333,0.238,1.000,"BACKGROUND/AIMS: This study aimed to investigate the quantitative and qualitative changes of bacteria, Bacteroides, Bifidobacterium and Clostridium cluster IV in faecal microbiota associated with a ve"
beir-PLAIN-3471,standard_no_rerank,Uprooting the Leading Causes of Death,open_book_qa,0.333,0.238,1.000,"BACKGROUND/AIMS: This study aimed to investigate the quantitative and qualitative changes of bacteria, Bacteroides, Bifidobacterium and Clostridium cluster IV in faecal microbiota associated with a ve"
